ReachID,SiteAction,HydroAction,Year,Watershed_Runoff_left,Watershed_Runoff_right,Hydrologic_Connection_left,Hydrologic_Connection_right,Streambank_Processes_left,Streambank_Processes_right,Energy_Nutrients_Sediment_left,Energy_Nutrients_Sediment_right,Riparian_Filtering_left,Riparian_Filtering_right,Lateral_Processes_left,Lateral_Processes_right,Longitudinal_Movement_Habitat_left,Longitudinal_Movement_Habitat_right,Plant_Community_left,Plant_Community_right,Canopy_Habitat_left,Canopy_Habitat_right,Understory_Habitat_left,Understory_Habitat_right,Floor_Habitat_left,Floor_Habitat_right,Stream_Habitat_left,Stream_Habitat_right,Riparian_Area_ac_left,Riparian_Area_ac_right,Peak_Discharge_cfs,W75_hr,W50_hr,Bank_Height_Ratio,Site_Velocity_ft_s,Reference_Velocity_ft_s,Site_Area_ft2,Reference_Area_ft2,Channel_Alteration,Channel_Stability_Evolution,Bank_Stability,Habitat_Available_Cover,Large_Wood,Velocity_Depth_Regime,Substrate_Deposition_Embeddedness,Aquatic_Organism_Passage,Material_Transport,Passage_Rate,Reach_Top_Width_ft,Reference_Top_Width_ft,Reach_Length_ft
17F2M,FWOP,None,0,2,1,1,1,1,3,1,1,1,1,1,1,1,1,1,1,1,1,1,1,1,1,1,1,0,0,278.4,11.45,15.5,10,6.682309503,3.608021265,186.88,55.12605276,1,15,19,1,1,1,1,1,17,0.3635,70.89,50,1739.71248
17F2M,FWOP,None,2,2,1,1,1,1,3,1,1,1,1,1,1,1,1,1,1,1,1,1,1,1,1,1,1,0,0,278.4,11.45,15.5,10,6.682309503,3.608021265,186.88,55.12605276,1,15,19,1,1,1,1,1,17,0.3635,70.89,50,1739.71248
17F2M,FWOP,None,10,2,1,1,1,1,3,1,1,1,1,1,1,1,1,1,1,1,1,1,1,1,1,1,1,0,0,278.4,11.45,15.5,10,6.682309503,3.608021265,186.88,55.12605276,1,15,19,1,1,1,1,1,17,0.3635,70.89,50,1739.71248
17F2M,FWOP,None,50,2,1,1,1,1,3,1,1,1,1,1,1,1,1,1,1,1,1,1,1,1,1,1,1,0,0,278.4,11.45,15.5,10,6.682309503,3.608021265,186.88,55.12605276,1,15,19,1,1,1,1,1,17,0.3635,70.89,50,1739.71248
17F2M,Alternative1,None,0,2,1,1,1,1,3,1,1,1,1,1,1,1,1,1,1,1,1,1,1,1,1,1,1,0,0,278.4,11.45,15.5,10,6.682309503,3.608021265,186.88,55.12605276,1,15,19,1,1,1,1,1,17,0.3635,70.89,50,1739.71248
17F2M,Alternative1,None,2,11,11,11,11,11,11,11,11,11,11,11,11,11,11,11,11,11,11,11,11,11,11,11,11,1.080693297,1.080693297,278.4,11.45,15.5,18,3.61,3.608021265,55.12605276,55.12605276,16,17,19,14,14,17,18,17,17,0.9,50,50,2000.669352
17F2M,Alternative1,None,10,11,11,11,11,13,13,12,12,13,13,12,12,12,12,12,12,12,12,12,12,12,12,12,12,1.080693297,1.080693297,278.4,11.45,15.5,18,3.61,3.608021265,55.12605276,55.12605276,16,17,19,15,14,17,18,17,17,0.9,50,50,2000.669352
17F2M,Alternative1,None,50,11,11,11,11,13,13,13,13,12,12,13,13,13,13,13,13,13,13,13,13,13,13,12,12,1.080693297,1.080693297,278.4,11.45,15.5,18,3.61,3.608021265,55.12605276,55.12605276,16,17,19,16,15,17,18,17,17,0.9,50,50,2000.669352
17F2M,Alternative2,None,0,2,1,1,1,1,3,1,1,1,1,1,1,1,1,1,1,1,1,1,1,1,1,1,1,0,0,278.4,11.45,15.5,10,6.682309503,3.608021265,186.88,55.12605276,1,15,19,1,1,1,1,1,17,0.3635,70.89,50,1739.71248
17F2M,Alternative2,None,2,10,10,10,10,10,10,10,10,10,10,10,10,10,10,10,10,10,10,10,10,10,10,10,10,0.389049587,0.389049587,278.4,11.45,15.5,12,5,3.608021265,100,55.12605276,14,16,19,14,11,12,13,13,17,0.9,50,50,1739.71248
17F2M,Alternative2,None,10,10,10,10,10,12,12,11,11,12,12,12,12,12,12,12,12,12,12,12,12,12,12,12,12,0.389049587,0.389049587,278.4,11.45,15.5,12,5,3.608021265,100,55.12605276,14,16,19,15,12,12,13,13,17,0.9,50,50,1739.71248
17F2M,Alternative2,None,50,10,10,10,10,12,12,12,12,11,11,12,12,12,12,12,12,12,12,12,12,12,12,12,12,0.389049587,0.389049587,278.4,11.45,15.5,12,5,3.608021265,100,55.12605276,14,16,19,16,13,12,13,13,17,0.9,50,50,1739.71248
17F2M,Alternative3,None,0,2,1,1,1,1,3,1,1,1,1,1,1,1,1,1,1,1,1,1,1,1,1,1,1,0,0,278.4,11.45,15.5,10,6.682309503,3.608021265,186.88,55.12605276,1,15,19,1,1,1,1,1,17,0.3635,70.89,50,1739.71248
17F2M,Alternative3,None,2,11,11,11,11,11,11,11,11,11,11,11,11,11,11,11,11,11,11,11,11,11,11,11,11,2.67231405,2.67231405,278.4,11.45,15.5,18,3.61,3.608021265,55.12605276,55.12605276,16,17,19,14,16,18,18,18,17,0.8,70.89,50,2000.669352
17F2M,Alternative3,None,10,11,11,11,11,13,13,12,12,13,13,12,12,12,12,12,12,12,12,12,12,12,12,12,12,2.67231405,2.67231405,278.4,11.45,15.5,18,3.61,3.608021265,55.12605276,55.12605276,16,17,19,16,17,18,18,18,17,0.8,70.89,50,2000.669352
17F2M,Alternative3,None,50,11,11,11,11,13,13,13,13,12,12,13,13,13,13,13,13,13,13,13,13,13,13,12,12,2.67231405,2.67231405,278.4,11.45,15.5,18,3.61,3.608021265,55.12605276,55.12605276,16,17,19,17,18,18,18,18,17,0.8,70.89,50,2000.669352
17F2M,FWOP,Pond1,0,2,1,1,1,1,3,1,1,1,1,1,1,1,1,1,1,1,1,1,1,1,1,1,1,0,0,278.4,11.45,15.5,10,6.682309503,3.608021265,186.88,55.12605276,1,15,19,1,1,1,1,1,17,0.3635,70.89,50,1739.71248
17F2M,FWOP,Pond1,2,2,1,1,1,1,3,1,1,1,1,1,1,1,1,1,1,1,1,1,1,1,1,1,1,0,0,278.4,11.45,15.5,10,6.682309503,3.608021265,186.88,55.12605276,1,15,19,1,1,1,1,1,17,0.3635,70.89,50,1739.71248
17F2M,FWOP,Pond1,10,2,1,1,1,1,3,1,1,1,1,1,1,1,1,1,1,1,1,1,1,1,1,1,1,0,0,278.4,11.45,15.5,10,6.682309503,3.608021265,186.88,55.12605276,1,15,19,1,1,1,1,1,17,0.3635,70.89,50,1739.71248
17F2M,FWOP,Pond1,50,2,1,1,1,1,3,1,1,1,1,1,1,1,1,1,1,1,1,1,1,1,1,1,1,0,0,278.4,11.45,15.5,10,6.682309503,3.608021265,186.88,55.12605276,1,15,19,1,1,1,1,1,17,0.3635,70.89,50,1739.71248
17F2M,Alternative1,Pond1,0,2,1,1,1,1,3,1,1,1,1,1,1,1,1,1,1,1,1,1,1,1,1,1,1,0,0,278.4,11.45,15.5,10,6.682309503,3.608021265,186.88,55.12605276,1,15,19,1,1,1,1,1,17,0.3635,70.89,50,1739.71248
17F2M,Alternative1,Pond1,2,11,11,11,11,11,11,11,11,11,11,11,11,11,11,11,11,11,11,11,11,11,11,11,11,1.080693297,1.080693297,278.4,11.45,15.5,18,3.61,3.608021265,55.12605276,55.12605276,16,17,19,14,14,17,18,17,17,0.9,50,50,2000.669352
17F2M,Alternative1,Pond1,10,11,11,11,11,13,13,12,12,13,13,12,12,12,12,12,12,12,12,12,12,12,12,12,12,1.080693297,1.080693297,278.4,11.45,15.5,18,3.61,3.608021265,55.12605276,55.12605276,16,17,19,15,14,17,18,17,17,0.9,50,50,2000.669352
17F2M,Alternative1,Pond1,50,11,11,11,11,13,13,13,13,12,12,13,13,13,13,13,13,13,13,13,13,13,13,12,12,1.080693297,1.080693297,278.4,11.45,15.5,18,3.61,3.608021265,55.12605276,55.12605276,16,17,19,16,15,17,18,17,17,0.9,50,50,2000.669352
17F2M,Alternative2,Pond1,0,2,1,1,1,1,3,1,1,1,1,1,1,1,1,1,1,1,1,1,1,1,1,1,1,0,0,278.4,11.45,15.5,10,6.682309503,3.608021265,186.88,55.12605276,1,15,19,1,1,1,1,1,17,0.3635,70.89,50,1739.71248
17F2M,Alternative2,Pond1,2,10,10,10,10,10,10,10,10,10,10,10,10,10,10,10,10,10,10,10,10,10,10,10,10,0.389049587,0.389049587,278.4,11.45,15.5,12,5,3.608021265,100,55.12605276,14,16,19,14,11,12,13,13,17,0.9,50,50,1739.71248
17F2M,Alternative2,Pond1,10,10,10,10,10,12,12,11,11,12,12,12,12,12,12,12,12,12,12,12,12,12,12,12,12,0.389049587,0.389049587,278.4,11.45,15.5,12,5,3.608021265,100,55.12605276,14,16,19,15,12,12,13,13,17,0.9,50,50,1739.71248
17F2M,Alternative2,Pond1,50,10,10,10,10,12,12,12,12,11,11,12,12,12,12,12,12,12,12,12,12,12,12,12,12,0.389049587,0.389049587,278.4,11.45,15.5,12,5,3.608021265,100,55.12605276,14,16,19,16,13,12,13,13,17,0.9,50,50,1739.71248
17F2M,Alternative3,Pond1,0,2,1,1,1,1,3,1,1,1,1,1,1,1,1,1,1,1,1,1,1,1,1,1,1,0,0,278.4,11.45,15.5,10,6.682309503,3.608021265,186.88,55.12605276,1,15,19,1,1,1,1,1,17,0.3635,70.89,50,1739.71248
17F2M,Alternative3,Pond1,2,11,11,11,11,11,11,11,11,11,11,11,11,11,11,11,11,11,11,11,11,11,11,11,11,2.67231405,2.67231405,278.4,11.45,15.5,18,3.61,3.608021265,55.12605276,55.12605276,16,17,19,14,16,18,18,18,17,0.8,70.89,50,2000.669352
17F2M,Alternative3,Pond1,10,11,11,11,11,13,13,12,12,13,13,12,12,12,12,12,12,12,12,12,12,12,12,12,12,2.67231405,2.67231405,278.4,11.45,15.5,18,3.61,3.608021265,55.12605276,55.12605276,16,17,19,16,17,18,18,18,17,0.8,70.89,50,2000.669352
17F2M,Alternative3,Pond1,50,11,11,11,11,13,13,13,13,12,12,13,13,13,13,13,13,13,13,13,13,13,13,12,12,2.67231405,2.67231405,278.4,11.45,15.5,18,3.61,3.608021265,55.12605276,55.12605276,16,17,19,17,18,18,18,18,17,0.8,70.89,50,2000.669352
17F2M,FWOP,Pond2,0,2,1,1,1,1,3,1,1,1,1,1,1,1,1,1,1,1,1,1,1,1,1,1,1,0,0,278.4,11.45,15.5,10,6.682309503,3.608021265,186.88,55.12605276,1,15,19,1,1,1,1,1,17,0.3635,70.89,50,1739.71248
17F2M,FWOP,Pond2,2,2,1,1,1,1,3,1,1,1,1,1,1,1,1,1,1,1,1,1,1,1,1,1,1,0,0,278.4,11.45,15.5,10,6.682309503,3.608021265,186.88,55.12605276,1,15,19,1,1,1,1,1,17,0.3635,70.89,50,1739.71248
17F2M,FWOP,Pond2,10,2,1,1,1,1,3,1,1,1,1,1,1,1,1,1,1,1,1,1,1,1,1,1,1,0,0,278.4,11.45,15.5,10,6.682309503,3.608021265,186.88,55.12605276,1,15,19,1,1,1,1,1,17,0.3635,70.89,50,1739.71248
17F2M,FWOP,Pond2,50,2,1,1,1,1,3,1,1,1,1,1,1,1,1,1,1,1,1,1,1,1,1,1,1,0,0,278.4,11.45,15.5,10,6.682309503,3.608021265,186.88,55.12605276,1,15,19,1,1,1,1,1,17,0.3635,70.89,50,1739.71248
17F2M,Alternative1,Pond2,0,2,1,1,1,1,3,1,1,1,1,1,1,1,1,1,1,1,1,1,1,1,1,1,1,0,0,278.4,11.45,15.5,10,6.682309503,3.608021265,186.88,55.12605276,1,15,19,1,1,1,1,1,17,0.3635,70.89,50,1739.71248
17F2M,Alternative1,Pond2,2,11,11,11,11,11,11,11,11,11,11,11,11,11,11,11,11,11,11,11,11,11,11,11,11,1.080693297,1.080693297,278.4,11.45,15.5,18,3.61,3.608021265,55.12605276,55.12605276,16,17,19,14,14,17,18,17,17,0.9,50,50,2000.669352
17F2M,Alternative1,Pond2,10,11,11,11,11,13,13,12,12,13,13,12,12,12,12,12,12,12,12,12,12,12,12,12,12,1.080693297,1.080693297,278.4,11.45,15.5,18,3.61,3.608021265,55.12605276,55.12605276,16,17,19,15,14,17,18,17,17,0.9,50,50,2000.669352
17F2M,Alternative1,Pond2,50,11,11,11,11,13,13,13,13,12,12,13,13,13,13,13,13,13,13,13,13,13,13,12,12,1.080693297,1.080693297,278.4,11.45,15.5,18,3.61,3.608021265,55.12605276,55.12605276,16,17,19,16,15,17,18,17,17,0.9,50,50,2000.669352
17F2M,Alternative2,Pond2,0,2,1,1,1,1,3,1,1,1,1,1,1,1,1,1,1,1,1,1,1,1,1,1,1,0,0,278.4,11.45,15.5,10,6.682309503,3.608021265,186.88,55.12605276,1,15,19,1,1,1,1,1,17,0.3635,70.89,50,1739.71248
17F2M,Alternative2,Pond2,2,10,10,10,10,10,10,10,10,10,10,10,10,10,10,10,10,10,10,10,10,10,10,10,10,0.389049587,0.389049587,278.4,11.45,15.5,12,5,3.608021265,100,55.12605276,14,16,19,14,11,12,13,13,17,0.9,50,50,1739.71248
17F2M,Alternative2,Pond2,10,10,10,10,10,12,12,11,11,12,12,12,12,12,12,12,12,12,12,12,12,12,12,12,12,0.389049587,0.389049587,278.4,11.45,15.5,12,5,3.608021265,100,55.12605276,14,16,19,15,12,12,13,13,17,0.9,50,50,1739.71248
17F2M,Alternative2,Pond2,50,10,10,10,10,12,12,12,12,11,11,12,12,12,12,12,12,12,12,12,12,12,12,12,12,0.389049587,0.389049587,278.4,11.45,15.5,12,5,3.608021265,100,55.12605276,14,16,19,16,13,12,13,13,17,0.9,50,50,1739.71248
17F2M,Alternative3,Pond2,0,2,1,1,1,1,3,1,1,1,1,1,1,1,1,1,1,1,1,1,1,1,1,1,1,0,0,278.4,11.45,15.5,10,6.682309503,3.608021265,186.88,55.12605276,1,15,19,1,1,1,1,1,17,0.3635,70.89,50,1739.71248
17F2M,Alternative3,Pond2,2,11,11,11,11,11,11,11,11,11,11,11,11,11,11,11,11,11,11,11,11,11,11,11,11,2.67231405,2.67231405,278.4,11.45,15.5,18,3.61,3.608021265,55.12605276,55.12605276,16,17,19,14,16,18,18,18,17,0.8,70.89,50,2000.669352
17F2M,Alternative3,Pond2,10,11,11,11,11,13,13,12,12,13,13,12,12,12,12,12,12,12,12,12,12,12,12,12,12,2.67231405,2.67231405,278.4,11.45,15.5,18,3.61,3.608021265,55.12605276,55.12605276,16,17,19,16,17,18,18,18,17,0.8,70.89,50,2000.669352
17F2M,Alternative3,Pond2,50,11,11,11,11,13,13,13,13,12,12,13,13,13,13,13,13,13,13,13,13,13,13,12,12,2.67231405,2.67231405,278.4,11.45,15.5,18,3.61,3.608021265,55.12605276,55.12605276,16,17,19,17,18,18,18,18,17,0.8,70.89,50,2000.669352
17D2E,FWOP,None,0,5,2,5,1,3,1,8,3,6,7,4,1,4,6,2,7,7,5,5,13,4,1,3,3,6.633146182,8.613189818,447.4,11.36666667,15.4,10,6.234365237,3.673750973,176.05,71.13,1,19,19,1,1,1,1,1,17,0.655457629,76.55,70,2156.26752
17D2E,FWOP,None,2,5,2,5,1,3,1,8,3,6,7,4,1,4,6,2,7,7,5,5,13,4,1,3,3,6.633146182,8.613189818,447.4,11.36666667,15.4,10,6.234365237,3.673750973,176.05,71.13,1,19,19,1,1,1,1,1,17,0.655457629,76.55,70,2156.26752
17D2E,FWOP,None,10,5,2,5,1,3,1,8,3,6,7,4,1,4,6,2,7,7,5,5,13,4,1,3,3,6.633146182,8.613189818,447.4,11.36666667,15.4,10,6.234365237,3.673750973,176.05,71.13,1,19,19,1,1,1,1,1,17,0.655457629,76.55,70,2156.26752
17D2E,FWOP,None,50,5,2,5,1,3,1,8,3,6,7,4,1,4,6,2,7,7,5,5,13,4,1,3,3,6.633146182,8.613189818,447.4,11.36666667,15.4,10,6.234365237,3.673750973,176.05,71.13,1,19,19,1,1,1,1,1,17,0.655457629,76.55,70,2156.26752
17D2E,Alternative1,None,0,5,2,5,1,3,1,8,3,6,7,4,1,4,6,2,7,7,5,5,13,4,1,3,3,6.633146182,8.613189818,447.4,11.36666667,15.4,10,6.234365237,3.673750973,176.05,71.13,1,19,19,1,1,1,1,1,17,0.655457629,76.55,70,2156.26752
17D2E,Alternative1,None,2,13,11,14,10,13,13,12,9,12,9,12,8,12,7,12,9,12,9,12,9,11,9,12,9,10.87132341,10.17680322,447.4,11.36666667,15.4,18,3.673750973,3.673750973,71.13,71.13,18,19,19,16,16,18,18,18,18,0.9,70,70,2156.26752
17D2E,Alternative1,None,10,13,11,14,10,14,14,13,10,13,10,14,9,14,8,14,10,14,10,14,10,13,10,13,10,10.87132341,10.17680322,447.4,11.36666667,15.4,18,3.673750973,3.673750973,71.13,71.13,18,19,19,17,16,18,18,18,18,0.9,70,70,2156.26752
17D2E,Alternative1,None,50,13,11,14,10,14,14,14,11,14,11,13,10,13,9,13,11,13,11,13,11,13,11,13,11,10.87132341,10.17680322,447.4,11.36666667,15.4,18,3.673750973,3.673750973,71.13,71.13,18,19,19,18,15,18,18,18,18,0.9,70,70,2156.26752
17D2E,Alternative2,None,0,5,2,5,1,3,1,8,3,6,7,4,1,4,6,2,7,7,5,5,13,4,1,3,3,6.633146182,8.613189818,447.4,11.36666667,15.4,10,6.234365237,3.673750973,176.05,71.13,1,19,19,1,1,1,1,1,17,0.655457629,76.55,70,2156.26752
17D2E,Alternative2,None,2,11,11,12,10,12,12,11,9,11,9,11,8,11,7,11,9,11,9,11,9,11,9,11,9,8.240125062,10.2201687,447.4,11.36666667,15.4,17,3.673750973,3.673750973,71.13,71.13,17,19,19,14,14,17,18,17,18,0.9,70,70,2156.26752
17D2E,Alternative2,None,10,11,11,12,10,13,13,12,10,12,10,12,9,12,8,13,10,13,10,13,10,12,10,12,10,8.240125062,10.2201687,447.4,11.36666667,15.4,17,3.673750973,3.673750973,71.13,71.13,17,19,19,15,14,17,18,17,18,0.9,70,70,2156.26752
17D2E,Alternative2,None,50,11,11,12,10,13,13,13,11,13,11,13,10,13,9,12,11,12,11,12,11,13,11,12,11,8.240125062,10.2201687,447.4,11.36666667,15.4,17,3.673750973,3.673750973,71.13,71.13,17,19,19,16,15,17,18,17,18,0.9,70,70,2156.26752
17D2E,Alternative3,None,0,5,2,5,1,3,1,8,3,6,7,4,1,4,6,2,7,7,5,5,13,4,1,3,3,6.633146182,8.613189818,447.4,11.36666667,15.4,10,6.234365237,3.673750973,176.05,71.13,1,19,19,1,1,1,1,1,17,0.655457629,76.55,70,2156.26752
17D2E,Alternative3,None,2,10,10,8,8,7,7,9,6,8,8,7,6,10,8,10,8,10,8,10,10,10,8,10,10,6.633146182,8.613189818,447.4,11.36666667,15.4,10,4.5,3.673750973,176.05,71.13,16,19,19,11,7,7,7,13,15,0.8,70,70,2156.26752
17D2E,Alternative3,None,10,10,10,8,8,8,8,10,7,8,8,7,6,12,8,12,9,12,9,12,12,12,8,12,12,6.633146182,8.613189818,447.4,11.36666667,15.4,10,4.5,3.673750973,176.05,71.13,16,19,19,12,8,8,8,13,15,0.8,70,70,2156.26752
17D2E,Alternative3,None,50,10,10,8,8,9,9,11,8,8,8,7,6,12,8,12,9,12,9,12,12,12,8,12,12,6.633146182,8.613189818,447.4,11.36666667,15.4,10,4.5,3.673750973,176.05,71.13,16,19,19,13,9,9,9,13,15,0.8,70,70,2156.26752
17D2E,FWOP,Pond1,0,5,2,5,1,3,1,8,3,6,7,4,1,4,6,2,7,7,5,5,13,4,1,3,3,6.633146182,8.613189818,447.4,11.36666667,15.4,10,6.234365237,3.673750973,176.05,71.13,1,19,19,1,1,1,1,1,17,0.655457629,76.55,70,2156.26752
17D2E,FWOP,Pond1,2,5,2,5,1,3,1,8,3,6,7,4,1,4,6,2,7,7,5,5,13,4,1,3,3,6.633146182,8.613189818,447.4,11.36666667,15.4,10,6.234365237,3.673750973,71.13,71.13,1,19,19,1,1,1,1,1,17,0.655457629,76.55,70,2156.26752
17D2E,FWOP,Pond1,10,5,2,5,1,3,1,8,3,6,7,4,1,4,6,2,7,7,5,5,13,4,1,3,3,6.633146182,8.613189818,447.4,11.36666667,15.4,10,6.234365237,3.673750973,71.13,71.13,1,19,19,1,1,1,1,1,17,0.655457629,76.55,70,2156.26752
17D2E,FWOP,Pond1,50,5,2,5,1,3,1,8,3,6,7,4,1,4,6,2,7,7,5,5,13,4,1,3,3,6.633146182,8.613189818,447.4,11.36666667,15.4,10,6.234365237,3.673750973,71.13,71.13,1,19,19,1,1,1,1,1,17,0.655457629,76.55,70,2156.26752
17D2E,Alternative1,Pond1,0,5,2,5,1,3,1,8,3,6,7,4,1,4,6,2,7,7,5,5,13,4,1,3,3,6.633146182,8.613189818,447.4,11.36666667,15.4,10,6.234365237,3.673750973,176.05,71.13,1,19,19,1,1,1,1,1,17,0.655457629,76.55,70,2156.26752
17D2E,Alternative1,Pond1,2,13,11,14,10,13,13,12,9,12,9,12,8,12,7,12,9,12,9,12,9,11,9,12,9,10.87132341,10.17680322,447.4,11.36666667,15.4,18,3.673750973,3.673750973,71.13,71.13,18,19,19,16,16,18,18,18,18,0.9,70,70,2156.26752
17D2E,Alternative1,Pond1,10,13,11,14,10,14,14,13,10,13,10,14,9,14,8,14,10,14,10,14,10,13,10,13,10,10.87132341,10.17680322,447.4,11.36666667,15.4,18,3.673750973,3.673750973,71.13,71.13,18,19,19,17,16,18,18,18,18,0.9,70,70,2156.26752
17D2E,Alternative1,Pond1,50,13,11,14,10,14,14,14,11,14,11,13,10,13,9,13,11,13,11,13,11,13,11,13,11,10.87132341,10.17680322,447.4,11.36666667,15.4,18,3.673750973,3.673750973,71.13,71.13,18,19,19,18,15,18,18,18,18,0.9,70,70,2156.26752
17D2E,Alternative2,Pond1,0,5,2,5,1,3,1,8,3,6,7,4,1,4,6,2,7,7,5,5,13,4,1,3,3,6.633146182,8.613189818,447.4,11.36666667,15.4,10,6.234365237,3.673750973,176.05,71.13,1,19,19,1,1,1,1,1,17,0.655457629,76.55,70,2156.26752
17D2E,Alternative2,Pond1,2,11,11,12,10,12,12,11,9,11,9,11,8,11,7,11,9,11,9,11,9,11,9,11,9,8.240125062,10.2201687,447.4,11.36666667,15.4,17,3.673750973,3.673750973,176.05,71.13,17,19,19,14,14,17,18,17,18,0.9,70,70,2156.26752
17D2E,Alternative2,Pond1,10,11,11,12,10,13,13,12,10,12,10,12,9,12,8,13,10,13,10,13,10,12,10,12,10,8.240125062,10.2201687,447.4,11.36666667,15.4,17,3.673750973,3.673750973,176.05,71.13,17,19,19,15,14,17,18,17,18,0.9,70,70,2156.26752
17D2E,Alternative2,Pond1,50,11,11,12,10,13,13,13,11,13,11,13,10,13,9,12,11,12,11,12,11,13,11,12,11,8.240125062,10.2201687,447.4,11.36666667,15.4,17,3.673750973,3.673750973,176.05,71.13,17,19,19,16,15,17,18,17,18,0.9,70,70,2156.26752
17D2E,Alternative3,Pond1,0,5,2,5,1,3,1,8,3,6,7,4,1,4,6,2,7,7,5,5,13,4,1,3,3,6.633146182,8.613189818,447.4,11.36666667,15.4,10,6.234365237,3.673750973,176.05,71.13,1,19,19,1,1,1,1,1,17,0.655457629,76.55,70,2156.26752
17D2E,Alternative3,Pond1,2,10,10,8,8,7,7,9,6,8,8,7,6,10,8,10,8,10,8,10,10,10,8,10,10,6.633146182,8.613189818,447.4,11.36666667,15.4,10,4.5,3.673750973,176.05,71.13,16,19,19,11,7,7,7,13,15,0.8,70,70,2156.26752
17D2E,Alternative3,Pond1,10,10,10,8,8,8,8,10,7,8,8,7,6,12,8,12,9,12,9,12,12,12,8,12,12,6.633146182,8.613189818,447.4,11.36666667,15.4,10,4.5,3.673750973,176.05,71.13,16,19,19,12,8,8,8,13,15,0.8,70,70,2156.26752
17D2E,Alternative3,Pond1,50,10,10,8,8,9,9,11,8,8,8,7,6,12,8,12,9,12,9,12,12,12,8,12,12,6.633146182,8.613189818,447.4,11.36666667,15.4,10,4.5,3.673750973,176.05,71.13,16,19,19,13,9,9,9,13,15,0.8,70,70,2156.26752
17D2E,FWOP,Pond2,0,5,2,5,1,3,1,8,3,6,7,4,1,4,6,2,7,7,5,5,13,4,1,3,3,6.633146182,8.613189818,447.4,11.36666667,15.4,10,6.234365237,3.673750973,176.05,71.13,1,19,19,1,1,1,1,1,17,0.655457629,76.55,70,2156.26752
17D2E,FWOP,Pond2,2,5,2,5,1,3,1,8,3,6,7,4,1,4,6,2,7,7,5,5,13,4,1,3,3,6.633146182,8.613189818,447.4,11.36666667,15.4,10,6.234365237,3.673750973,176.05,71.13,1,19,19,1,1,1,1,1,17,0.655457629,76.55,70,2156.26752
17D2E,FWOP,Pond2,10,5,2,5,1,3,1,8,3,6,7,4,1,4,6,2,7,7,5,5,13,4,1,3,3,6.633146182,8.613189818,447.4,11.36666667,15.4,10,6.234365237,3.673750973,176.05,71.13,1,19,19,1,1,1,1,1,17,0.655457629,76.55,70,2156.26752
17D2E,FWOP,Pond2,50,5,2,5,1,3,1,8,3,6,7,4,1,4,6,2,7,7,5,5,13,4,1,3,3,6.633146182,8.613189818,447.4,11.36666667,15.4,10,6.234365237,3.673750973,176.05,71.13,1,19,19,1,1,1,1,1,17,0.655457629,76.55,70,2156.26752
17D2E,Alternative1,Pond2,0,5,2,5,1,3,1,8,3,6,7,4,1,4,6,2,7,7,5,5,13,4,1,3,3,6.633146182,8.613189818,447.4,11.36666667,15.4,10,6.234365237,3.673750973,176.05,71.13,1,19,19,1,1,1,1,1,17,0.655457629,76.55,70,2156.26752
17D2E,Alternative1,Pond2,2,13,11,14,10,13,13,12,9,12,9,12,8,12,7,12,9,12,9,12,9,11,9,12,9,10.87132341,10.17680322,447.4,11.36666667,15.4,18,3.673750973,3.673750973,71.13,71.13,18,19,19,16,16,18,18,18,18,0.9,70,70,2156.26752
17D2E,Alternative1,Pond2,10,13,11,14,10,14,14,13,10,13,10,14,9,14,8,14,10,14,10,14,10,13,10,13,10,10.87132341,10.17680322,447.4,11.36666667,15.4,18,3.673750973,3.673750973,71.13,71.13,18,19,19,17,16,18,18,18,18,0.9,70,70,2156.26752
17D2E,Alternative1,Pond2,50,13,11,14,10,14,14,14,11,14,11,13,10,13,9,13,11,13,11,13,11,13,11,13,11,10.87132341,10.17680322,447.4,11.36666667,15.4,18,3.673750973,3.673750973,71.13,71.13,18,19,19,18,15,18,18,18,18,0.9,70,70,2156.26752
17D2E,Alternative2,Pond2,0,5,2,5,1,3,1,8,3,6,7,4,1,4,6,2,7,7,5,5,13,4,1,3,3,6.633146182,8.613189818,447.4,11.36666667,15.4,10,6.234365237,3.673750973,176.05,71.13,1,19,19,1,1,1,1,1,17,0.655457629,76.55,70,2156.26752
17D2E,Alternative2,Pond2,2,11,11,12,10,12,12,11,9,11,9,11,8,11,7,11,9,11,9,11,9,11,9,11,9,8.240125062,10.2201687,447.4,11.36666667,15.4,17,3.673750973,3.673750973,71.13,71.13,17,19,19,14,14,17,18,17,18,0.9,70,70,2156.26752
17D2E,Alternative2,Pond2,10,11,11,12,10,13,13,12,10,12,10,12,9,12,8,13,10,13,10,13,10,12,10,12,10,8.240125062,10.2201687,447.4,11.36666667,15.4,17,3.673750973,3.673750973,71.13,71.13,17,19,19,15,14,17,18,17,18,0.9,70,70,2156.26752
17D2E,Alternative2,Pond2,50,11,11,12,10,13,13,13,11,13,11,13,10,13,9,12,11,12,11,12,11,13,11,12,11,8.240125062,10.2201687,447.4,11.36666667,15.4,17,3.673750973,3.673750973,71.13,71.13,17,19,19,16,15,17,18,17,18,0.9,70,70,2156.26752
17D2E,Alternative3,Pond2,0,5,2,5,1,3,1,8,3,6,7,4,1,4,6,2,7,7,5,5,13,4,1,3,3,6.633146182,8.613189818,447.4,11.36666667,15.4,10,6.234365237,3.673750973,176.05,71.13,1,19,19,1,1,1,1,1,17,0.655457629,76.55,70,2156.26752
17D2E,Alternative3,Pond2,2,10,10,8,8,7,7,9,6,8,8,7,6,10,8,10,8,10,8,10,10,10,8,10,10,6.633146182,8.613189818,447.4,11.36666667,15.4,10,4.5,3.673750973,176.05,71.13,16,19,19,11,7,7,7,13,15,0.8,70,70,2156.26752
17D2E,Alternative3,Pond2,10,10,10,8,8,8,8,10,7,8,8,7,6,12,8,12,9,12,9,12,12,12,8,12,12,6.633146182,8.613189818,447.4,11.36666667,15.4,10,4.5,3.673750973,176.05,71.13,16,19,19,12,8,8,8,13,15,0.8,70,70,2156.26752
17D2E,Alternative3,Pond2,50,10,10,8,8,9,9,11,8,8,8,7,6,12,8,12,9,12,9,12,12,12,8,12,12,6.633146182,8.613189818,447.4,11.36666667,15.4,10,4.5,3.673750973,176.05,71.13,16,19,19,13,9,9,9,13,15,0.8,70,70,2156.26752
17B,FWOP,None,0,9,14,7,14,6,1,11,10,12,15,12,14,10,13,11,14,11,14,11,14,13,12,11,13,74.75713855,25.39956615,447.4,12.4,15.4,5,6.484874062,3.607606939,186.88,86.75863008,8,10,6,12,8,7,10,15,13,0.894,70.89,85,6461.98608
17B,FWOP,None,2,9,14,7,14,6,1,11,10,12,15,12,14,10,13,11,14,11,14,11,14,13,12,11,13,74.75713855,25.39956615,447.4,12.4,15.4,5,6.484874062,3.607606939,186.88,86.75863008,8,10,6,12,8,7,10,15,13,0.894,70.89,85,6461.98608
17B,FWOP,None,10,9,14,7,14,6,1,11,10,12,15,12,14,10,13,11,14,11,14,11,14,13,12,11,13,74.75713855,25.39956615,447.4,12.4,15.4,5,6.484874062,3.607606939,186.88,86.75863008,8,10,6,12,8,7,10,15,13,0.894,70.89,85,6461.98608
17B,FWOP,None,50,9,14,7,14,6,1,11,10,12,15,12,14,10,13,11,14,11,14,11,14,13,12,11,13,74.75713855,25.39956615,447.4,12.4,15.4,5,6.484874062,3.607606939,186.88,86.75863008,8,10,6,12,8,7,10,15,13,0.894,70.89,85,6461.98608
17B,Alternative1,None,0,9,14,7,14,6,1,11,10,12,15,12,14,10,13,11,14,11,14,11,14,13,12,11,13,74.75713855,25.39956615,447.4,12.4,15.4,5,6.484874062,3.607606939,186.88,86.75863008,8,10,6,12,8,7,10,15,13,0.894,70.89,85,6461.98608
17B,Alternative1,None,2,10,14,10,14,9,9,13,11,13,15,12,14,11,13,11,14,11,14,11,14,13,12,11,13,74.96187914,25.60552345,447.4,12.4,15.4,16,3.61,3.607606939,86.75863008,86.75863008,17,18,18,16,16,18,18,18,18,0.894,85,85,6461.98608
17B,Alternative1,None,10,11,15,11,14,10,9,13,12,13,15,13,14,11,13,11,14,11,14,11,14,13,12,11,13,74.96187914,25.60552345,447.4,12.4,15.4,17,3.61,3.607606939,86.75863008,86.75863008,17,18,18,16,16,18,18,18,18,0.894,85,85,6461.98608
17B,Alternative1,None,50,11,15,11,14,10,9,13,12,13,15,13,14,11,13,11,14,11,14,11,14,13,12,11,13,74.96187914,25.60552345,447.4,12.4,15.4,17,3.61,3.607606939,86.75863008,86.75863008,17,18,18,17,15,18,18,18,18,0.894,85,85,6461.98608
17B,Alternative2,None,0,9,14,7,14,6,1,11,10,12,15,12,14,10,13,11,14,11,14,11,14,13,12,11,13,74.75713855,25.39956615,447.4,12.4,15.4,5,6.484874062,3.607606939,186.88,86.75863008,8,10,6,12,8,7,10,15,13,0.894,70.89,85,6461.98608
17B,Alternative2,None,2,10,14,14,14,8,8,13,12,14,15,13,14,10,13,11,14,10,13,11,14,13,12,11,13,74.96187914,25.60552345,447.4,12.4,15.4,17,3.61,3.607606939,86.75863008,86.75863008,18,18,18,16,16,18,18,18,18,0.894,85,85,6461.98608
17B,Alternative2,None,10,11,14,14,14,8,8,13,12,14,15,13,14,10,13,11,14,10,13,11,14,13,12,11,13,74.96187914,25.60552345,447.4,12.4,15.4,18,3.61,3.607606939,86.75863008,86.75863008,18,18,18,16,16,18,18,18,18,0.894,85,85,6461.98608
17B,Alternative2,None,50,11,14,14,14,8,8,13,12,14,15,13,14,10,13,11,14,10,13,11,14,13,12,11,13,74.96187914,25.60552345,447.4,12.4,15.4,18,3.61,3.607606939,86.75863008,86.75863008,18,18,18,17,15,18,18,18,18,0.894,85,85,6461.98608
17B,Alternative3,None,0,9,14,7,14,6,1,11,10,12,15,12,14,10,13,11,14,11,14,11,14,13,12,11,13,74.75713855,25.39956615,447.4,12.4,15.4,5,6.484874062,3.607606939,186.88,86.75863008,8,10,6,12,8,7,10,15,13,0.894,70.89,85,6461.98608
17B,Alternative3,None,2,9,14,8,14,8,7,12,11,12,15,12,14,10,13,11,14,11,14,11,14,13,12,11,13,74.75713855,25.39956615,447.4,12.4,15.4,11,6.484874062,3.607606939,186.88,86.75863008,15,15,15,13,13,13,14,15,15,0.894,70.89,85,6461.98608
17B,Alternative3,None,10,10,14,8,14,8,7,12,11,12,15,12,14,10,13,11,14,11,14,11,14,13,12,11,13,74.75713855,25.39956615,447.4,12.4,15.4,12,6.484874062,3.607606939,186.88,86.75863008,16,15,15,14,13,13,14,15,15,0.894,70.89,85,6461.98608
17B,Alternative3,None,50,10,14,8,14,8,7,12,11,12,15,12,14,10,13,11,14,11,14,11,14,13,12,11,13,74.75713855,25.39956615,447.4,12.4,15.4,12,6.484874062,3.607606939,186.88,86.75863008,16,15,15,14,13,13,14,15,15,0.894,70.89,85,6461.98608
17B,FWOP,Pond1,0,9,14,7,14,6,1,11,10,12,15,12,14,10,13,11,14,11,14,11,14,13,12,11,13,74.75713855,25.39956615,447.4,12.4,15.4,5,6.484874062,3.607606939,186.88,86.75863008,8,10,6,12,8,7,10,15,13,0.894,70.89,85,6461.98608
17B,FWOP,Pond1,2,9,14,7,14,6,1,11,10,12,15,12,14,10,13,11,14,11,14,11,14,13,12,11,13,74.75713855,25.39956615,447.4,12.4,15.4,5,6.484874062,3.607606939,186.88,86.75863008,8,10,6,12,8,7,10,15,13,0.894,70.89,85,6461.98608
17B,FWOP,Pond1,10,9,14,7,14,6,1,11,10,12,15,12,14,10,13,11,14,11,14,11,14,13,12,11,13,74.75713855,25.39956615,447.4,12.4,15.4,5,6.484874062,3.607606939,186.88,86.75863008,8,10,6,12,8,7,10,15,13,0.894,70.89,85,6461.98608
17B,FWOP,Pond1,50,9,14,7,14,6,1,11,10,12,15,12,14,10,13,11,14,11,14,11,14,13,12,11,13,74.75713855,25.39956615,447.4,12.4,15.4,5,6.484874062,3.607606939,186.88,86.75863008,8,10,6,12,8,7,10,15,13,0.894,70.89,85,6461.98608
17B,Alternative1,Pond1,0,9,14,7,14,6,1,11,10,12,15,12,14,10,13,11,14,11,14,11,14,13,12,11,13,74.75713855,25.39956615,447.4,12.4,15.4,5,6.484874062,3.607606939,186.88,86.75863008,8,10,6,12,8,7,10,15,13,0.894,70.89,85,6461.98608
17B,Alternative1,Pond1,2,10,14,10,14,9,9,13,11,13,15,12,14,11,13,11,14,11,14,11,14,13,12,11,13,74.96187914,25.60552345,447.4,12.4,15.4,16,3.61,3.607606939,86.75863008,86.75863008,17,18,18,16,16,18,18,18,18,0.894,85,85,6461.98608
17B,Alternative1,Pond1,10,11,15,11,14,10,9,13,12,13,15,13,14,11,13,11,14,11,14,11,14,13,12,11,13,74.96187914,25.60552345,447.4,12.4,15.4,17,3.61,3.607606939,86.75863008,86.75863008,17,18,18,16,16,18,18,18,18,0.894,85,85,6461.98608
17B,Alternative1,Pond1,50,11,15,11,14,10,9,13,12,13,15,13,14,11,13,11,14,11,14,11,14,13,12,11,13,74.96187914,25.60552345,447.4,12.4,15.4,17,3.61,3.607606939,86.75863008,86.75863008,17,18,18,17,15,18,18,18,18,0.894,85,85,6461.98608
17B,Alternative2,Pond1,0,9,14,7,14,6,1,11,10,12,15,12,14,10,13,11,14,11,14,11,14,13,12,11,13,74.75713855,25.39956615,447.4,12.4,15.4,5,6.484874062,3.607606939,186.88,86.75863008,8,10,6,12,8,7,10,15,13,0.894,70.89,85,6461.98608
17B,Alternative2,Pond1,2,10,14,14,14,8,8,13,12,14,15,13,14,10,13,11,14,10,13,11,14,13,12,11,13,74.96187914,25.60552345,447.4,12.4,15.4,17,3.61,3.607606939,86.75863008,86.75863008,18,18,18,16,16,18,18,18,18,0.894,85,85,6461.98608
17B,Alternative2,Pond1,10,11,14,14,14,8,8,13,12,14,15,13,14,10,13,11,14,10,13,11,14,13,12,11,13,74.96187914,25.60552345,447.4,12.4,15.4,18,3.61,3.607606939,86.75863008,86.75863008,18,18,18,16,16,18,18,18,18,0.894,85,85,6461.98608
17B,Alternative2,Pond1,50,11,14,14,14,8,8,13,12,14,15,13,14,10,13,11,14,10,13,11,14,13,12,11,13,74.96187914,25.60552345,447.4,12.4,15.4,18,3.61,3.607606939,86.75863008,86.75863008,18,18,18,17,15,18,18,18,18,0.894,85,85,6461.98608
17B,Alternative3,Pond1,0,9,14,7,14,6,1,11,10,12,15,12,14,10,13,11,14,11,14,11,14,13,12,11,13,74.75713855,25.39956615,447.4,12.4,15.4,5,6.484874062,3.607606939,186.88,86.75863008,8,10,6,12,8,7,10,15,13,0.894,70.89,85,6461.98608
17B,Alternative3,Pond1,2,9,14,8,14,8,7,12,11,12,15,12,14,10,13,11,14,11,14,11,14,13,12,11,13,74.75713855,25.39956615,447.4,12.4,15.4,11,6.484874062,3.607606939,186.88,86.75863008,15,15,15,13,13,13,14,15,15,0.894,70.89,85,6461.98608
17B,Alternative3,Pond1,10,10,14,8,14,8,7,12,11,12,15,12,14,10,13,11,14,11,14,11,14,13,12,11,13,74.75713855,25.39956615,447.4,12.4,15.4,12,6.484874062,3.607606939,186.88,86.75863008,16,15,15,14,13,13,14,15,15,0.894,70.89,85,6461.98608
17B,Alternative3,Pond1,50,10,14,8,14,8,7,12,11,12,15,12,14,10,13,11,14,11,14,11,14,13,12,11,13,74.75713855,25.39956615,447.4,12.4,15.4,12,6.484874062,3.607606939,186.88,86.75863008,16,15,15,14,13,13,14,15,15,0.894,70.89,85,6461.98608
17B,FWOP,Pond2,0,9,14,7,14,6,1,11,10,12,15,12,14,10,13,11,14,11,14,11,14,13,12,11,13,74.75713855,25.39956615,447.4,12.4,15.4,5,6.484874062,3.607606939,186.88,86.75863008,8,10,6,12,8,7,10,15,13,0.894,70.89,85,6461.98608
17B,FWOP,Pond2,2,9,14,7,14,6,1,11,10,12,15,12,14,10,13,11,14,11,14,11,14,13,12,11,13,74.75713855,25.39956615,447.4,12.4,15.4,5,6.484874062,3.607606939,186.88,86.75863008,8,10,6,12,8,7,10,15,13,0.894,70.89,85,6461.98608
17B,FWOP,Pond2,10,9,14,7,14,6,1,11,10,12,15,12,14,10,13,11,14,11,14,11,14,13,12,11,13,74.75713855,25.39956615,447.4,12.4,15.4,5,6.484874062,3.607606939,186.88,86.75863008,8,10,6,12,8,7,10,15,13,0.894,70.89,85,6461.98608
17B,FWOP,Pond2,50,9,14,7,14,6,1,11,10,12,15,12,14,10,13,11,14,11,14,11,14,13,12,11,13,74.75713855,25.39956615,447.4,12.4,15.4,5,6.484874062,3.607606939,186.88,86.75863008,8,10,6,12,8,7,10,15,13,0.894,70.89,85,6461.98608
17B,Alternative1,Pond2,0,9,14,7,14,6,1,11,10,12,15,12,14,10,13,11,14,11,14,11,14,13,12,11,13,74.75713855,25.39956615,447.4,12.4,15.4,5,6.484874062,3.607606939,186.88,86.75863008,8,10,6,12,8,7,10,15,13,0.894,70.89,85,6461.98608
17B,Alternative1,Pond2,2,10,14,10,14,9,9,13,11,13,15,12,14,11,13,11,14,11,14,11,14,13,12,11,13,74.96187914,25.60552345,447.4,12.4,15.4,16,3.61,3.607606939,86.75863008,86.75863008,17,18,18,16,16,18,18,18,18,0.894,85,85,6461.98608
17B,Alternative1,Pond2,10,11,15,11,14,10,9,13,12,13,15,13,14,11,13,11,14,11,14,11,14,13,12,11,13,74.96187914,25.60552345,447.4,12.4,15.4,17,3.61,3.607606939,86.75863008,86.75863008,17,18,18,16,16,18,18,18,18,0.894,85,85,6461.98608
17B,Alternative1,Pond2,50,11,15,11,14,10,9,13,12,13,15,13,14,11,13,11,14,11,14,11,14,13,12,11,13,74.96187914,25.60552345,447.4,12.4,15.4,17,3.61,3.607606939,86.75863008,86.75863008,17,18,18,17,15,18,18,18,18,0.894,85,85,6461.98608
17B,Alternative2,Pond2,0,9,14,7,14,6,1,11,10,12,15,12,14,10,13,11,14,11,14,11,14,13,12,11,13,74.75713855,25.39956615,447.4,12.4,15.4,5,6.484874062,3.607606939,186.88,86.75863008,8,10,6,12,8,7,10,15,13,0.894,70.89,85,6461.98608
17B,Alternative2,Pond2,2,10,14,14,14,8,8,13,12,14,15,13,14,10,13,11,14,10,13,11,14,13,12,11,13,74.96187914,25.60552345,447.4,12.4,15.4,17,3.61,3.607606939,86.75863008,86.75863008,18,18,18,16,16,18,18,18,18,0.894,85,85,6461.98608
17B,Alternative2,Pond2,10,11,14,14,14,8,8,13,12,14,15,13,14,10,13,11,14,10,13,11,14,13,12,11,13,74.96187914,25.60552345,447.4,12.4,15.4,18,3.61,3.607606939,86.75863008,86.75863008,18,18,18,16,16,18,18,18,18,0.894,85,85,6461.98608
17B,Alternative2,Pond2,50,11,14,14,14,8,8,13,12,14,15,13,14,10,13,11,14,10,13,11,14,13,12,11,13,74.96187914,25.60552345,447.4,12.4,15.4,18,3.61,3.607606939,86.75863008,86.75863008,18,18,18,17,15,18,18,18,18,0.894,85,85,6461.98608
17B,Alternative3,Pond2,0,9,14,7,14,6,1,11,10,12,15,12,14,10,13,11,14,11,14,11,14,13,12,11,13,74.75713855,25.39956615,447.4,12.4,15.4,5,6.484874062,3.607606939,186.88,86.75863008,8,10,6,12,8,7,10,15,13,0.894,70.89,85,6461.98608
17B,Alternative3,Pond2,2,9,14,8,14,8,7,12,11,12,15,12,14,10,13,11,14,11,14,11,14,13,12,11,13,74.75713855,25.39956615,447.4,12.4,15.4,11,6.484874062,3.607606939,186.88,86.75863008,15,15,15,13,13,13,14,15,15,0.894,70.89,85,6461.98608
17B,Alternative3,Pond2,10,10,14,8,14,8,7,12,11,12,15,12,14,10,13,11,14,11,14,11,14,13,12,11,13,74.75713855,25.39956615,447.4,12.4,15.4,12,6.484874062,3.607606939,186.88,86.75863008,16,15,15,14,13,13,14,15,15,0.894,70.89,85,6461.98608
17B,Alternative3,Pond2,50,10,14,8,14,8,7,12,11,12,15,12,14,10,13,11,14,11,14,11,14,13,12,11,13,74.75713855,25.39956615,447.4,12.4,15.4,12,6.484874062,3.607606939,186.88,86.75863008,16,15,15,14,13,13,14,15,15,0.894,70.89,85,6461.98608
2A,FWOP,None,0,8,13,2,10,1,6,3,8,8,13,5,6,7,8,2,11,4,13,2,13,3,14,3,8,29.20848246,32.19387628,1087.3,9.416666667,14.4,7,6.619366242,3.187045183,158.42,123.8696467,8,8,5,5,10,8,13,13,13,1,46.31218085,100,3739.6656
2A,FWOP,None,2,8,13,2,10,1,6,3,8,8,13,5,6,7,8,2,11,4,13,2,13,3,14,3,8,29.20848246,32.19387628,1087.3,9.416666667,14.4,7,6.619366242,3.187045183,158.42,123.8696467,8,8,5,5,10,8,13,13,13,1,46.31218085,100,3739.6656
2A,FWOP,None,10,8,13,2,10,1,6,3,8,8,13,5,6,7,8,2,11,4,13,2,13,3,14,3,8,29.20848246,32.19387628,1087.3,9.416666667,14.4,7,6.619366242,3.187045183,158.42,123.8696467,8,8,5,5,10,8,13,13,13,1,46.31218085,100,3739.6656
2A,FWOP,None,50,8,13,2,10,1,6,3,8,8,13,5,6,7,8,2,11,4,13,2,13,3,14,3,8,29.20848246,32.19387628,1087.3,9.416666667,14.4,7,6.619366242,3.187045183,158.42,123.8696467,8,8,5,5,10,8,13,13,13,1,46.31218085,100,3739.6656
2A,Alternative1,None,0,8,13,2,10,1,6,3,8,8,13,5,6,7,8,2,11,4,13,2,13,3,14,3,8,29.20848246,32.19387628,1087.3,9.416666667,14.4,7,6.619366242,3.187045183,158.42,123.8696467,8,8,5,5,10,8,13,13,13,1,46.31218085,100,3739.6656
2A,Alternative1,None,2,12,14,13,13,11,13,13,13,13,14,13,13,15,15,11,12,11,13,10,14,11,14,11,13,30.00616382,32.99155764,1087.3,9.416666667,14.4,17,3.187045183,3.187045183,123.8696467,123.8696467,18,18,17,16,17,16,18,18,18,1,100,100,3889
2A,Alternative1,None,10,13,14,14,14,12,14,14,14,14,15,14,14,15,15,12,14,11,14,11,15,12,14,12,13,30.00616382,32.99155764,1087.3,9.416666667,14.4,17,3.187045183,3.187045183,123.8696467,123.8696467,18,18,17,16,17,16,18,18,18,1,100,100,3889
2A,Alternative1,None,50,14,14,14,14,12,14,14,14,14,15,14,14,15,15,12,14,11,15,11,15,13,14,12,13,30.00616382,32.99155764,1087.3,9.416666667,14.4,17,3.187045183,3.187045183,123.8696467,123.8696467,18,18,17,17,16,16,18,18,18,1,46.31218085,100,3889
2A,Alternative2,None,0,8,13,2,10,1,6,3,8,8,13,5,6,7,8,2,11,4,13,2,13,3,14,3,8,29.20848246,32.19387628,1087.3,9.416666667,14.4,7,6.619366242,3.187045183,158.42,123.8696467,8,8,5,5,10,8,13,13,13,1,46.31218085,100,3739.6656
2A,Alternative2,None,2,9,9,10,11,13,13,13,13,13,13,13,13,10,10,12,12,11,13,11,13,13,14,12,13,30.58180661,33.22307738,1087.3,9.416666667,14.4,17,3.187045183,3.187045183,123.8696467,123.8696467,16,16,17,15,14,15,16,18,18,1,46.31218085,100,3739.6656
2A,Alternative2,None,10,10,10,11,12,14,14,14,14,14,13,14,14,11,11,13,13,12,13,12,13,14,14,12,13,30.58180661,33.22307738,1087.3,9.416666667,14.4,17,3.187045183,3.187045183,123.8696467,123.8696467,16,16,17,15,14,15,16,18,18,1,46.31218085,100,3739.6656
2A,Alternative2,None,50,11,11,12,13,14,14,14,14,14,13,14,14,12,12,13,13,12,13,12,13,14,14,12,13,30.58180661,33.22307738,1087.3,9.416666667,14.4,17,3.187045183,3.187045183,123.8696467,123.8696467,16,16,17,15,14,15,16,18,18,1,46.31218085,100,3739.6656
2A,Alternative3,None,0,8,13,2,10,1,6,3,8,8,13,5,6,7,8,2,11,4,13,2,13,3,14,3,8,29.20848246,32.19387628,1087.3,9.416666667,14.4,7,6.619366242,3.187045183,158.42,123.8696467,8,8,5,5,10,8,13,13,13,1,46.31218085,100,3739.6656
2A,Alternative3,None,2,8,13,5,11,5,7,6,8,9,13,6,6,7,8,2,11,4,13,2,13,3,14,9,9,29.20848246,32.19387628,1087.3,9.416666667,14.4,13,3.187045183,3.187045183,123.8696467,123.8696467,14,14,12,12,12,14,14,17,17,1,46.31218085,100,3739.6656
2A,Alternative3,None,10,8,13,5,11,5,7,6,8,9,13,6,6,7,8,2,11,4,13,2,13,3,14,9,9,29.20848246,32.19387628,1087.3,9.416666667,14.4,13,3.187045183,3.187045183,123.8696467,123.8696467,14,14,12,12,12,14,14,17,17,1,46.31218085,100,3739.6656
2A,Alternative3,None,50,8,13,5,11,5,7,6,8,9,13,6,6,7,8,2,11,4,13,2,13,3,14,9,9,29.20848246,32.19387628,1087.3,9.416666667,14.4,13,3.187045183,3.187045183,123.8696467,123.8696467,14,14,12,12,12,14,14,17,17,1,46.31218085,100,3739.6656
2A,FWOP,Pond1,0,8,13,2,10,1,6,3,8,8,13,5,6,7,8,2,11,4,13,2,13,3,14,3,8,29.20848246,32.19387628,1087.3,9.416666667,14.4,7,6.619366242,3.187045183,158.42,123.8696467,8,8,5,5,10,8,13,13,13,1,46.31218085,100,3739.6656
2A,FWOP,Pond1,2,8,13,2,10,1,6,3,8,8,13,5,6,7,8,2,11,4,13,2,13,3,14,3,8,29.20848246,32.19387628,1087.3,9.416666667,14.4,7,6.619366242,3.187045183,158.42,123.8696467,8,8,5,5,10,8,13,13,13,1,46.31218085,100,3739.6656
2A,FWOP,Pond1,10,8,13,2,10,1,6,3,8,8,13,5,6,7,8,2,11,4,13,2,13,3,14,3,8,29.20848246,32.19387628,1087.3,9.416666667,14.4,7,6.619366242,3.187045183,158.42,123.8696467,8,8,5,5,10,8,13,13,13,1,46.31218085,100,3739.6656
2A,FWOP,Pond1,50,8,13,2,10,1,6,3,8,8,13,5,6,7,8,2,11,4,13,2,13,3,14,3,8,29.20848246,32.19387628,1087.3,9.416666667,14.4,7,6.619366242,3.187045183,158.42,123.8696467,8,8,5,5,10,8,13,13,13,1,46.31218085,100,3739.6656
2A,Alternative1,Pond1,0,8,13,2,10,1,6,3,8,8,13,5,6,7,8,2,11,4,13,2,13,3,14,3,8,29.20848246,32.19387628,1087.3,9.416666667,14.4,7,6.619366242,3.187045183,158.42,123.8696467,8,8,5,5,10,8,13,13,13,1,46.31218085,100,3739.6656
2A,Alternative1,Pond1,2,12,14,13,13,11,13,13,13,13,14,13,13,15,15,11,12,11,13,10,14,11,14,11,13,30.00616382,32.99155764,1087.3,9.416666667,14.4,17,3.187045183,3.187045183,123.8696467,123.8696467,18,18,17,16,17,16,18,18,18,1,100,100,3889
2A,Alternative1,Pond1,10,13,14,14,14,12,14,14,14,14,15,14,14,15,15,12,14,11,14,11,15,12,14,12,13,30.00616382,32.99155764,1087.3,9.416666667,14.4,17,3.187045183,3.187045183,123.8696467,123.8696467,18,18,17,16,17,16,18,18,18,1,100,100,3889
2A,Alternative1,Pond1,50,14,14,14,14,12,14,14,14,14,15,14,14,15,15,12,14,11,15,11,15,13,14,12,13,30.00616382,32.99155764,1087.3,9.416666667,14.4,17,3.187045183,3.187045183,123.8696467,123.8696467,18,18,17,17,16,16,18,18,18,1,46.31218085,100,3889
2A,Alternative2,Pond1,0,8,13,2,10,1,6,3,8,8,13,5,6,7,8,2,11,4,13,2,13,3,14,3,8,29.20848246,32.19387628,1087.3,9.416666667,14.4,7,6.619366242,3.187045183,158.42,123.8696467,8,8,5,5,10,8,13,13,13,1,46.31218085,100,3739.6656
2A,Alternative2,Pond1,2,9,9,10,11,13,13,13,13,13,13,13,13,10,10,12,12,11,13,11,13,13,14,12,13,30.58180661,33.22307738,1087.3,9.416666667,14.4,17,3.187045183,3.187045183,123.8696467,123.8696467,16,16,17,15,14,15,16,18,18,1,46.31218085,100,3739.6656
2A,Alternative2,Pond1,10,10,10,11,12,14,14,14,14,14,13,14,14,11,11,13,13,12,13,12,13,14,14,12,13,30.58180661,33.22307738,1087.3,9.416666667,14.4,17,3.187045183,3.187045183,123.8696467,123.8696467,16,16,17,15,14,15,16,18,18,1,46.31218085,100,3739.6656
2A,Alternative2,Pond1,50,11,11,12,13,14,14,14,14,14,13,14,14,12,12,13,13,12,13,12,13,14,14,12,13,30.58180661,33.22307738,1087.3,9.416666667,14.4,17,3.187045183,3.187045183,123.8696467,123.8696467,16,16,17,15,14,15,16,18,18,1,46.31218085,100,3739.6656
2A,Alternative3,Pond1,0,8,13,2,10,1,6,3,8,8,13,5,6,7,8,2,11,4,13,2,13,3,14,3,8,29.20848246,32.19387628,1087.3,9.416666667,14.4,7,6.619366242,3.187045183,158.42,123.8696467,8,8,5,5,10,8,13,13,13,1,46.31218085,100,3739.6656
2A,Alternative3,Pond1,2,8,13,5,11,5,7,6,8,9,13,6,6,7,8,2,11,4,13,2,13,3,14,9,9,29.20848246,32.19387628,1087.3,9.416666667,14.4,13,3.187045183,3.187045183,123.8696467,123.8696467,14,14,12,12,12,14,14,17,17,1,46.31218085,100,3739.6656
2A,Alternative3,Pond1,10,8,13,5,11,5,7,6,8,9,13,6,6,7,8,2,11,4,13,2,13,3,14,9,9,29.20848246,32.19387628,1087.3,9.416666667,14.4,13,3.187045183,3.187045183,123.8696467,123.8696467,14,14,12,12,12,14,14,17,17,1,46.31218085,100,3739.6656
2A,Alternative3,Pond1,50,8,13,5,11,5,7,6,8,9,13,6,6,7,8,2,11,4,13,2,13,3,14,9,9,29.20848246,32.19387628,1087.3,9.416666667,14.4,13,3.187045183,3.187045183,123.8696467,123.8696467,14,14,12,12,12,14,14,17,17,1,46.31218085,100,3739.6656
2A,FWOP,Pond2,0,8,13,2,10,1,6,3,8,8,13,5,6,7,8,2,11,4,13,2,13,3,14,3,8,29.20848246,32.19387628,1087.3,9.416666667,14.4,7,6.619366242,3.187045183,158.42,123.8696467,8,8,5,5,10,8,13,13,13,1,46.31218085,100,3739.6656
2A,FWOP,Pond2,2,8,13,2,10,1,6,3,8,8,13,5,6,7,8,2,11,4,13,2,13,3,14,3,8,29.20848246,32.19387628,1087.3,9.416666667,14.4,7,6.619366242,3.187045183,158.42,123.8696467,8,8,5,5,10,8,13,13,13,1,46.31218085,100,3739.6656
2A,FWOP,Pond2,10,8,13,2,10,1,6,3,8,8,13,5,6,7,8,2,11,4,13,2,13,3,14,3,8,29.20848246,32.19387628,1087.3,9.416666667,14.4,7,6.619366242,3.187045183,158.42,123.8696467,8,8,5,5,10,8,13,13,13,1,46.31218085,100,3739.6656
2A,FWOP,Pond2,50,8,13,2,10,1,6,3,8,8,13,5,6,7,8,2,11,4,13,2,13,3,14,3,8,29.20848246,32.19387628,1087.3,9.416666667,14.4,7,6.619366242,3.187045183,158.42,123.8696467,8,8,5,5,10,8,13,13,13,1,46.31218085,100,3739.6656
2A,Alternative1,Pond2,0,8,13,2,10,1,6,3,8,8,13,5,6,7,8,2,11,4,13,2,13,3,14,3,8,29.20848246,32.19387628,1087.3,9.416666667,14.4,7,6.619366242,3.187045183,158.42,123.8696467,8,8,5,5,10,8,13,13,13,1,46.31218085,100,3739.6656
2A,Alternative1,Pond2,2,12,14,13,13,11,13,13,13,13,14,13,13,15,15,11,12,11,13,10,14,11,14,11,13,30.00616382,32.99155764,1087.3,9.416666667,14.4,17,3.187045183,3.187045183,123.8696467,123.8696467,18,18,17,16,17,16,18,18,18,1,100,100,3889
2A,Alternative1,Pond2,10,13,14,14,14,12,14,14,14,14,15,14,14,15,15,12,14,11,14,11,15,12,14,12,13,30.00616382,32.99155764,1087.3,9.416666667,14.4,17,3.187045183,3.187045183,123.8696467,123.8696467,18,18,17,16,17,16,18,18,18,1,100,100,3889
2A,Alternative1,Pond2,50,14,14,14,14,12,14,14,14,14,15,14,14,15,15,12,14,11,15,11,15,13,14,12,13,30.00616382,32.99155764,1087.3,9.416666667,14.4,17,3.187045183,3.187045183,123.8696467,123.8696467,18,18,17,17,16,16,18,18,18,1,46.31218085,100,3889
2A,Alternative2,Pond2,0,8,13,2,10,1,6,3,8,8,13,5,6,7,8,2,11,4,13,2,13,3,14,3,8,29.20848246,32.19387628,1087.3,9.416666667,14.4,7,6.619366242,3.187045183,158.42,123.8696467,8,8,5,5,10,8,13,13,13,1,46.31218085,100,3739.6656
2A,Alternative2,Pond2,2,9,9,10,11,13,13,13,13,13,13,13,13,10,10,12,12,11,13,11,13,13,14,12,13,30.58180661,33.22307738,1087.3,9.416666667,14.4,17,3.187045183,3.187045183,123.8696467,123.8696467,16,16,17,15,14,15,16,18,18,1,46.31218085,100,3739.6656
2A,Alternative2,Pond2,10,10,10,11,12,14,14,14,14,14,13,14,14,11,11,13,13,12,13,12,13,14,14,12,13,30.58180661,33.22307738,1087.3,9.416666667,14.4,17,3.187045183,3.187045183,123.8696467,123.8696467,16,16,17,15,14,15,16,18,18,1,46.31218085,100,3739.6656
2A,Alternative2,Pond2,50,11,11,12,13,14,14,14,14,14,13,14,14,12,12,13,13,12,13,12,13,14,14,12,13,30.58180661,33.22307738,1087.3,9.416666667,14.4,17,3.187045183,3.187045183,123.8696467,123.8696467,16,16,17,15,14,15,16,18,18,1,46.31218085,100,3739.6656
2A,Alternative3,Pond2,0,8,13,2,10,1,6,3,8,8,13,5,6,7,8,2,11,4,13,2,13,3,14,3,8,29.20848246,32.19387628,1087.3,9.416666667,14.4,7,6.619366242,3.187045183,158.42,123.8696467,8,8,5,5,10,8,13,13,13,1,46.31218085,100,3739.6656
2A,Alternative3,Pond2,2,8,13,5,11,5,7,6,8,9,13,6,6,7,8,2,11,4,13,2,13,3,14,9,9,29.20848246,32.19387628,1087.3,9.416666667,14.4,13,3.187045183,3.187045183,123.8696467,123.8696467,14,14,12,12,12,14,14,17,17,1,46.31218085,100,3739.6656
2A,Alternative3,Pond2,10,8,13,5,11,5,7,6,8,9,13,6,6,7,8,2,11,4,13,2,13,3,14,9,9,29.20848246,32.19387628,1087.3,9.416666667,14.4,13,3.187045183,3.187045183,123.8696467,123.8696467,14,14,12,12,12,14,14,17,17,1,46.31218085,100,3739.6656
2A,Alternative3,Pond2,50,8,13,5,11,5,7,6,8,9,13,6,6,7,8,2,11,4,13,2,13,3,14,9,9,29.20848246,32.19387628,1087.3,9.416666667,14.4,13,3.187045183,3.187045183,123.8696467,123.8696467,14,14,12,12,12,14,14,17,17,1,46.31218085,100,3739.6656
2B,FWOP,None,0,7,8,6,11,4,1,6,7,7,13,8,2,5,6,6,7,11,13,14,13,11,14,6,6,20.89978311,26.68614567,868.7,10.46666667,14.55,7,8.961562957,3.132112436,266.93,115.5147972,8,10,5,5,10,8,13,13,13,1,50.73,80,4504.98576
2B,FWOP,None,2,7,8,6,11,4,1,6,7,7,13,8,2,5,6,6,7,11,13,14,13,11,14,6,6,20.89978311,26.68614567,868.7,10.46666667,14.55,7,8.961562957,3.132112436,266.93,115.5147972,8,10,5,5,10,8,13,13,13,1,50.73,80,4504.98576
2B,FWOP,None,10,7,8,6,11,4,1,6,7,7,13,8,2,5,6,6,7,11,13,14,13,11,14,6,6,20.89978311,26.68614567,868.7,10.46666667,14.55,7,8.961562957,3.132112436,266.93,115.5147972,8,10,5,5,10,8,13,13,13,1,50.73,80,4504.98576
2B,FWOP,None,50,7,8,6,11,4,1,6,7,7,13,8,2,5,6,6,7,11,13,14,13,11,14,6,6,20.89978311,26.68614567,868.7,10.46666667,14.55,7,8.961562957,3.132112436,266.93,115.5147972,8,10,5,5,10,8,13,13,13,1,50.73,80,4504.98576
2B,Alternative1,None,0,7,8,6,11,4,1,6,7,7,13,8,2,5,6,6,7,11,13,14,13,11,14,6,6,20.89978311,26.68614567,868.7,10.46666667,14.55,7,8.961562957,3.132112436,266.93,115.5147972,8,10,5,5,10,8,13,13,13,1,50.73,80,4504.98576
2B,Alternative1,None,2,10,10,13,13,12,12,13,13,13,13,13,13,14,14,11,11,13,13,14,13,13,14,11,11,22.2767574,27.95159563,868.7,10.46666667,14.55,7,3.132112436,3.132112436,266.93,115.5147972,18,18,17,18,18,18,18,18,18,1,80,80,4504.98576
2B,Alternative1,None,10,11,11,14,14,13,13,14,14,14,14,14,14,15,15,12,12,14,14,14,13,14,14,12,12,22.2767574,27.95159563,868.7,10.46666667,14.55,7,3.132112436,3.132112436,266.93,115.5147972,18,18,17,18,18,18,18,18,18,1,80,80,4504.98576
2B,Alternative1,None,50,12,12,14,15,14,14,14,14,14,14,14,14,15,15,12,12,14,14,14,13,14,14,12,12,22.2767574,27.95159563,868.7,10.46666667,14.55,7,3.132112436,3.132112436,266.93,115.5147972,18,18,17,18,18,18,18,18,18,1,80,80,4504.98576
2B,Alternative2,None,0,7,8,6,11,4,1,6,7,7,13,8,2,5,6,6,7,11,13,14,13,11,14,6,6,20.89978311,26.68614567,868.7,10.46666667,14.55,7,8.961562957,3.132112436,266.93,115.5147972,8,10,5,5,10,8,13,13,13,1,50.73,80,4504.98576
2B,Alternative2,None,2,8,8,12,12,12,12,12,12,12,13,9,9,12,12,13,13,12,13,12,12,12,12,12,13,21.72112149,27.56074393,868.7,10.46666667,14.55,7,3.132112436,3.132112436,266.93,115.5147972,18,17,16,16,16,16,16,18,18,1,50.73,80,4504.98576
2B,Alternative2,None,10,9,9,13,13,13,13,12,12,12,13,10,10,12,12,14,14,12,13,12,12,12,12,12,13,21.72112149,27.56074393,868.7,10.46666667,14.55,7,3.132112436,3.132112436,266.93,115.5147972,18,17,16,16,16,16,16,18,18,1,50.73,80,4504.98576
2B,Alternative2,None,50,10,10,13,13,13,13,12,12,12,13,11,11,12,12,14,14,12,13,12,12,12,12,12,13,21.72112149,27.56074393,868.7,10.46666667,14.55,7,3.132112436,3.132112436,266.93,115.5147972,18,17,16,16,16,16,16,18,18,1,50.73,80,4504.98576
2B,Alternative3,None,0,7,8,6,11,4,1,6,7,7,13,8,2,5,6,6,7,11,13,14,13,11,14,6,6,20.89978311,26.68614567,868.7,10.46666667,14.55,7,8.961562957,3.132112436,266.93,115.5147972,8,10,5,5,10,8,13,13,13,1,50.73,80,4504.98576
2B,Alternative3,None,2,8,13,8,12,6,6,3,8,8,13,9,5,7,7,6,8,11,13,14,13,11,14,9,9,20.89978311,26.68614567,868.7,10.46666667,14.55,7,3.132112436,3.132112436,266.93,115.5147972,15,14,14,12,14,15,15,17,17,1,50.73,80,4504.98576
2B,Alternative3,None,10,8,13,8,12,6,6,3,8,8,13,9,5,7,7,6,8,11,13,14,13,11,14,9,9,20.89978311,26.68614567,868.7,10.46666667,14.55,7,3.132112436,3.132112436,266.93,115.5147972,15,14,14,12,14,15,15,17,17,1,50.73,80,4504.98576
2B,Alternative3,None,50,8,13,8,12,6,6,3,8,8,13,9,5,7,7,6,8,11,13,14,13,11,14,9,9,20.89978311,26.68614567,868.7,10.46666667,14.55,7,3.132112436,3.132112436,266.93,115.5147972,15,14,14,12,14,15,15,17,17,1,50.73,80,4504.98576
2B,FWOP,Pond1,0,7,8,6,11,4,1,6,7,7,13,8,2,5,6,6,7,11,13,14,13,11,14,6,6,20.89978311,26.68614567,868.7,10.46666667,14.55,7,8.961562957,3.132112436,266.93,115.5147972,8,10,5,5,10,8,13,13,13,1,50.73,80,4504.98576
2B,FWOP,Pond1,2,7,8,6,11,4,1,6,7,7,13,8,2,5,6,6,7,11,13,14,13,11,14,6,6,20.89978311,26.68614567,868.7,10.46666667,14.55,7,8.961562957,3.132112436,266.93,115.5147972,8,10,5,5,10,8,13,13,13,1,50.73,80,4504.98576
2B,FWOP,Pond1,10,7,8,6,11,4,1,6,7,7,13,8,2,5,6,6,7,11,13,14,13,11,14,6,6,20.89978311,26.68614567,868.7,10.46666667,14.55,7,8.961562957,3.132112436,266.93,115.5147972,8,10,5,5,10,8,13,13,13,1,50.73,80,4504.98576
2B,FWOP,Pond1,50,7,8,6,11,4,1,6,7,7,13,8,2,5,6,6,7,11,13,14,13,11,14,6,6,20.89978311,26.68614567,868.7,10.46666667,14.55,7,8.961562957,3.132112436,266.93,115.5147972,8,10,5,5,10,8,13,13,13,1,50.73,80,4504.98576
2B,Alternative1,Pond1,0,7,8,6,11,4,1,6,7,7,13,8,2,5,6,6,7,11,13,14,13,11,14,6,6,20.89978311,26.68614567,868.7,10.46666667,14.55,7,8.961562957,3.132112436,266.93,115.5147972,8,10,5,5,10,8,13,13,13,1,50.73,80,4504.98576
2B,Alternative1,Pond1,2,10,10,13,13,12,12,13,13,13,13,13,13,14,14,11,11,13,13,14,13,13,14,11,11,22.2767574,27.95159563,868.7,10.46666667,14.55,7,3.132112436,3.132112436,266.93,115.5147972,18,18,17,18,18,18,18,18,18,1,80,80,4504.98576
2B,Alternative1,Pond1,10,11,11,14,14,13,13,14,14,14,14,14,14,15,15,12,12,14,14,14,13,14,14,12,12,22.2767574,27.95159563,868.7,10.46666667,14.55,7,3.132112436,3.132112436,266.93,115.5147972,18,18,17,18,18,18,18,18,18,1,80,80,4504.98576
2B,Alternative1,Pond1,50,12,12,14,15,14,14,14,14,14,14,14,14,15,15,12,12,14,14,14,13,14,14,12,12,22.2767574,27.95159563,868.7,10.46666667,14.55,7,3.132112436,3.132112436,266.93,115.5147972,18,18,17,18,18,18,18,18,18,1,80,80,4504.98576
2B,Alternative2,Pond1,0,7,8,6,11,4,1,6,7,7,13,8,2,5,6,6,7,11,13,14,13,11,14,6,6,20.89978311,26.68614567,868.7,10.46666667,14.55,7,8.961562957,3.132112436,266.93,115.5147972,8,10,5,5,10,8,13,13,13,1,50.73,80,4504.98576
2B,Alternative2,Pond1,2,8,8,12,12,12,12,12,12,12,13,9,9,12,12,13,13,12,13,12,12,12,12,12,13,21.72112149,27.56074393,868.7,10.46666667,14.55,7,3.132112436,3.132112436,266.93,115.5147972,18,17,16,16,16,16,16,18,18,1,50.73,80,4504.98576
2B,Alternative2,Pond1,10,9,9,13,13,13,13,12,12,12,13,10,10,12,12,14,14,12,13,12,12,12,12,12,13,21.72112149,27.56074393,868.7,10.46666667,14.55,7,3.132112436,3.132112436,266.93,115.5147972,18,17,16,16,16,16,16,18,18,1,50.73,80,4504.98576
2B,Alternative2,Pond1,50,10,10,13,13,13,13,12,12,12,13,11,11,12,12,14,14,12,13,12,12,12,12,12,13,21.72112149,27.56074393,868.7,10.46666667,14.55,7,3.132112436,3.132112436,266.93,115.5147972,18,17,16,16,16,16,16,18,18,1,50.73,80,4504.98576
2B,Alternative3,Pond1,0,7,8,6,11,4,1,6,7,7,13,8,2,5,6,6,7,11,13,14,13,11,14,6,6,20.89978311,26.68614567,868.7,10.46666667,14.55,7,8.961562957,3.132112436,266.93,115.5147972,8,10,5,5,10,8,13,13,13,1,50.73,80,4504.98576
2B,Alternative3,Pond1,2,8,13,8,12,6,6,3,8,8,13,9,5,7,7,6,8,11,13,14,13,11,14,9,9,20.89978311,26.68614567,868.7,10.46666667,14.55,7,3.132112436,3.132112436,266.93,115.5147972,15,14,14,12,14,15,15,17,17,1,50.73,80,4504.98576
2B,Alternative3,Pond1,10,8,13,8,12,6,6,3,8,8,13,9,5,7,7,6,8,11,13,14,13,11,14,9,9,20.89978311,26.68614567,868.7,10.46666667,14.55,7,3.132112436,3.132112436,266.93,115.5147972,15,14,14,12,14,15,15,17,17,1,50.73,80,4504.98576
2B,Alternative3,Pond1,50,8,13,8,12,6,6,3,8,8,13,9,5,7,7,6,8,11,13,14,13,11,14,9,9,20.89978311,26.68614567,868.7,10.46666667,14.55,7,3.132112436,3.132112436,266.93,115.5147972,15,14,14,12,14,15,15,17,17,1,50.73,80,4504.98576
2B,FWOP,Pond2,0,7,8,6,11,4,1,6,7,7,13,8,2,5,6,6,7,11,13,14,13,11,14,6,6,20.89978311,26.68614567,868.7,10.46666667,14.55,7,8.961562957,3.132112436,266.93,115.5147972,8,10,5,5,10,8,13,13,13,1,50.73,80,4504.98576
2B,FWOP,Pond2,2,7,8,6,11,4,1,6,7,7,13,8,2,5,6,6,7,11,13,14,13,11,14,6,6,20.89978311,26.68614567,868.7,10.46666667,14.55,7,8.961562957,3.132112436,266.93,115.5147972,8,10,5,5,10,8,13,13,13,1,50.73,80,4504.98576
2B,FWOP,Pond2,10,7,8,6,11,4,1,6,7,7,13,8,2,5,6,6,7,11,13,14,13,11,14,6,6,20.89978311,26.68614567,868.7,10.46666667,14.55,7,8.961562957,3.132112436,266.93,115.5147972,8,10,5,5,10,8,13,13,13,1,50.73,80,4504.98576
2B,FWOP,Pond2,50,7,8,6,11,4,1,6,7,7,13,8,2,5,6,6,7,11,13,14,13,11,14,6,6,20.89978311,26.68614567,868.7,10.46666667,14.55,7,8.961562957,3.132112436,266.93,115.5147972,8,10,5,5,10,8,13,13,13,1,50.73,80,4504.98576
2B,Alternative1,Pond2,0,7,8,6,11,4,1,6,7,7,13,8,2,5,6,6,7,11,13,14,13,11,14,6,6,20.89978311,26.68614567,868.7,10.46666667,14.55,7,8.961562957,3.132112436,266.93,115.5147972,8,10,5,5,10,8,13,13,13,1,50.73,80,4504.98576
2B,Alternative1,Pond2,2,10,10,13,13,12,12,13,13,13,13,13,13,14,14,11,11,13,13,14,13,13,14,11,11,22.2767574,27.95159563,868.7,10.46666667,14.55,7,3.132112436,3.132112436,266.93,115.5147972,18,18,17,18,18,18,18,18,18,1,80,80,4504.98576
2B,Alternative1,Pond2,10,11,11,14,14,13,13,14,14,14,14,14,14,15,15,12,12,14,14,14,13,14,14,12,12,22.2767574,27.95159563,868.7,10.46666667,14.55,7,3.132112436,3.132112436,266.93,115.5147972,18,18,17,18,18,18,18,18,18,1,80,80,4504.98576
2B,Alternative1,Pond2,50,12,12,14,15,14,14,14,14,14,14,14,14,15,15,12,12,14,14,14,13,14,14,12,12,22.2767574,27.95159563,868.7,10.46666667,14.55,7,3.132112436,3.132112436,266.93,115.5147972,18,18,17,18,18,18,18,18,18,1,80,80,4504.98576
2B,Alternative2,Pond2,0,7,8,6,11,4,1,6,7,7,13,8,2,5,6,6,7,11,13,14,13,11,14,6,6,20.89978311,26.68614567,868.7,10.46666667,14.55,7,8.961562957,3.132112436,266.93,115.5147972,8,10,5,5,10,8,13,13,13,1,50.73,80,4504.98576
2B,Alternative2,Pond2,2,8,8,12,12,12,12,12,12,12,13,9,9,12,12,13,13,12,13,12,12,12,12,12,13,21.72112149,27.56074393,868.7,10.46666667,14.55,7,3.132112436,3.132112436,266.93,115.5147972,18,17,16,16,16,16,16,18,18,1,50.73,80,4504.98576
2B,Alternative2,Pond2,10,9,9,13,13,13,13,12,12,12,13,10,10,12,12,14,14,12,13,12,12,12,12,12,13,21.72112149,27.56074393,868.7,10.46666667,14.55,7,3.132112436,3.132112436,266.93,115.5147972,18,17,16,16,16,16,16,18,18,1,50.73,80,4504.98576
2B,Alternative2,Pond2,50,10,10,13,13,13,13,12,12,12,13,11,11,12,12,14,14,12,13,12,12,12,12,12,13,21.72112149,27.56074393,868.7,10.46666667,14.55,7,3.132112436,3.132112436,266.93,115.5147972,18,17,16,16,16,16,16,18,18,1,50.73,80,4504.98576
2B,Alternative3,Pond2,0,7,8,6,11,4,1,6,7,7,13,8,2,5,6,6,7,11,13,14,13,11,14,6,6,20.89978311,26.68614567,868.7,10.46666667,14.55,7,8.961562957,3.132112436,266.93,115.5147972,8,10,5,5,10,8,13,13,13,1,50.73,80,4504.98576
2B,Alternative3,Pond2,2,8,13,8,12,6,6,3,8,8,13,9,5,7,7,6,8,11,13,14,13,11,14,9,9,20.89978311,26.68614567,868.7,10.46666667,14.55,7,3.132112436,3.132112436,266.93,115.5147972,15,14,14,12,14,15,15,17,17,1,50.73,80,4504.98576
2B,Alternative3,Pond2,10,8,13,8,12,6,6,3,8,8,13,9,5,7,7,6,8,11,13,14,13,11,14,9,9,20.89978311,26.68614567,868.7,10.46666667,14.55,7,3.132112436,3.132112436,266.93,115.5147972,15,14,14,12,14,15,15,17,17,1,50.73,80,4504.98576
2B,Alternative3,Pond2,50,8,13,8,12,6,6,3,8,8,13,9,5,7,7,6,8,11,13,14,13,11,14,9,9,20.89978311,26.68614567,868.7,10.46666667,14.55,7,3.132112436,3.132112436,266.93,115.5147972,15,14,14,12,14,15,15,17,17,1,50.73,80,4504.98576
3E,FWOP,None,0,13,13,11,11,6,6,12,12,12,12,11,11,13,13,10,10,13,13,13,13,14,14,10,10,7.729478182,12.48167588,1018.8,10.38333333,14.55,11,6.784459947,4.280669122,207.85,117.3271686,6,8,13,8,13,8,13,8,11,0.821,106.91,40,2494.04496
3E,FWOP,None,2,13,13,11,11,6,6,12,12,12,12,11,11,13,13,10,10,13,13,13,13,14,14,10,10,7.729478182,12.48167588,1018.8,10.38333333,14.55,11,6.784459947,4.280669122,207.85,117.3271686,6,8,13,8,13,8,13,8,11,0.821,106.91,40,2494.04496
3E,FWOP,None,10,13,13,11,11,6,6,12,12,12,12,11,11,13,13,10,10,13,13,13,13,14,14,10,10,7.729478182,12.48167588,1018.8,10.38333333,14.55,11,6.784459947,4.280669122,207.85,117.3271686,6,8,13,8,13,8,13,8,11,0.821,106.91,40,2494.04496
3E,FWOP,None,50,13,13,11,11,6,6,12,12,12,12,11,11,13,13,10,10,13,13,13,13,14,14,10,10,7.729478182,12.48167588,1018.8,10.38333333,14.55,11,6.784459947,4.280669122,207.85,117.3271686,6,8,13,8,13,8,13,8,11,0.821,106.91,40,2494.04496
3E,Alternative1,None,0,13,13,11,11,6,6,12,12,12,12,11,11,13,13,10,10,13,13,13,13,14,14,10,10,7.729478182,12.48167588,1018.8,10.38333333,14.55,11,6.784459947,4.280669122,207.85,117.3271686,6,8,13,8,13,8,13,8,11,0.821,106.91,40,2494.04496
3E,Alternative1,None,2,14,14,15,15,11,11,13,13,13,13,12,12,15,15,13,13,14,14,13,13,14,14,12,12,7.729478182,12.48167588,1018.8,10.38333333,14.55,18,4.280669122,4.280669122,117.3271686,117.3271686,15,13,16,12,14,12,15,18,18,1,40,40,2494.04496
3E,Alternative1,None,10,14,14,15,15,12,12,14,14,13,13,12,12,15,15,13,13,14,14,13,13,14,14,12,12,7.729478182,12.48167588,1018.8,10.38333333,14.55,18,4.280669122,4.280669122,117.3271686,117.3271686,15,13,16,12,14,12,15,18,18,1,40,40,2494.04496
3E,Alternative1,None,50,14,14,15,15,12,12,14,14,13,13,12,12,15,15,13,13,14,14,13,13,14,14,12,12,7.729478182,12.48167588,1018.8,10.38333333,14.55,18,4.280669122,4.280669122,117.3271686,117.3271686,15,13,16,12,14,12,15,18,18,1,40,40,2494.04496
3E,Alternative2,None,0,13,13,11,11,6,6,12,12,12,12,11,11,13,13,10,10,13,13,13,13,14,14,10,10,7.729478182,12.48167588,1018.8,10.38333333,14.55,11,6.784459947,4.280669122,207.85,117.3271686,6,8,13,8,13,8,13,8,11,0.821,106.91,40,2494.04496
3E,Alternative2,None,2,14,14,15,15,9,9,12,12,13,13,12,12,15,15,11,11,13,13,13,13,14,14,12,12,7.729478182,12.48167588,1018.8,10.38333333,14.55,18,6.784459947,4.280669122,207.85,117.3271686,15,13,16,12,14,12,15,18,18,1,106.91,40,2494.04496
3E,Alternative2,None,10,14,14,15,15,10,10,12,12,13,13,12,12,15,15,11,11,13,13,13,13,14,14,12,12,7.729478182,12.48167588,1018.8,10.38333333,14.55,18,6.784459947,4.280669122,207.85,117.3271686,15,13,16,12,14,12,15,18,18,1,106.91,40,2494.04496
3E,Alternative2,None,50,14,14,15,15,11,11,12,12,13,13,12,12,15,15,11,11,14,14,13,13,14,14,12,12,7.729478182,12.48167588,1018.8,10.38333333,14.55,18,6.784459947,4.280669122,207.85,117.3271686,15,13,16,12,14,12,15,18,18,1,106.91,40,2494.04496
3E,Alternative3,None,0,13,13,11,11,6,6,12,12,12,12,11,11,13,13,10,10,13,13,13,13,14,14,10,10,7.729478182,12.48167588,1018.8,10.38333333,14.55,11,6.784459947,4.280669122,207.85,117.3271686,6,8,13,8,13,8,13,8,11,0.821,106.91,40,2494.04496
3E,Alternative3,None,2,13,13,12,12,11,11,13,13,13,13,12,12,13,13,11,11,13,13,13,13,14,14,11,11,7.729478182,12.48167588,1018.8,10.38333333,14.55,18,6.784459947,4.280669122,207.85,117.3271686,12,11,15,9,13,9,13,11,11,0.821,106.91,40,2494.04496
3E,Alternative3,None,10,13,13,12,12,12,12,14,14,13,13,12,12,13,13,11,11,13,13,13,13,14,14,12,12,7.729478182,12.48167588,1018.8,10.38333333,14.55,18,6.784459947,4.280669122,207.85,117.3271686,12,11,15,9,13,9,13,11,11,0.821,106.91,40,2494.04496
3E,Alternative3,None,50,13,13,12,12,12,12,14,14,13,13,12,12,13,13,11,11,13,13,13,13,14,14,12,12,7.729478182,12.48167588,1018.8,10.38333333,14.55,18,6.784459947,4.280669122,207.85,117.3271686,12,11,15,9,13,9,13,11,11,0.821,106.91,40,2494.04496
3E,FWOP,Pond1,0,13,13,11,11,6,6,12,12,12,12,11,11,13,13,10,10,13,13,13,13,14,14,10,10,7.729478182,12.48167588,1018.8,10.38333333,14.55,11,6.784459947,4.280669122,207.85,117.3271686,6,8,13,8,13,8,13,8,11,0.821,106.91,40,2494.04496
3E,FWOP,Pond1,2,13,13,11,11,6,6,12,12,12,12,11,11,13,13,10,10,13,13,13,13,14,14,10,10,7.729478182,12.48167588,1018.8,10.38333333,14.55,11,6.784459947,4.280669122,207.85,117.3271686,6,8,13,8,13,8,13,8,11,0.821,106.91,40,2494.04496
3E,FWOP,Pond1,10,13,13,11,11,6,6,12,12,12,12,11,11,13,13,10,10,13,13,13,13,14,14,10,10,7.729478182,12.48167588,1018.8,10.38333333,14.55,11,6.784459947,4.280669122,207.85,117.3271686,6,8,13,8,13,8,13,8,11,0.821,106.91,40,2494.04496
3E,FWOP,Pond1,50,13,13,11,11,6,6,12,12,12,12,11,11,13,13,10,10,13,13,13,13,14,14,10,10,7.729478182,12.48167588,1018.8,10.38333333,14.55,11,6.784459947,4.280669122,207.85,117.3271686,6,8,13,8,13,8,13,8,11,0.821,106.91,40,2494.04496
3E,Alternative1,Pond1,0,13,13,11,11,6,6,12,12,12,12,11,11,13,13,10,10,13,13,13,13,14,14,10,10,7.729478182,12.48167588,1018.8,10.38333333,14.55,11,6.784459947,4.280669122,207.85,117.3271686,6,8,13,8,13,8,13,8,11,0.821,106.91,40,2494.04496
3E,Alternative1,Pond1,2,14,14,15,15,11,11,13,13,13,13,12,12,15,15,13,13,14,14,13,13,14,14,12,12,7.729478182,12.48167588,1018.8,10.38333333,14.55,18,4.280669122,4.280669122,117.3271686,117.3271686,15,13,16,12,14,12,15,18,18,1,40,40,2494.04496
3E,Alternative1,Pond1,10,14,14,15,15,12,12,14,14,13,13,12,12,15,15,13,13,14,14,13,13,14,14,12,12,7.729478182,12.48167588,1018.8,10.38333333,14.55,18,4.280669122,4.280669122,117.3271686,117.3271686,15,13,16,12,14,12,15,18,18,1,40,40,2494.04496
3E,Alternative1,Pond1,50,14,14,15,15,12,12,14,14,13,13,12,12,15,15,13,13,14,14,13,13,14,14,12,12,7.729478182,12.48167588,1018.8,10.38333333,14.55,18,4.280669122,4.280669122,117.3271686,117.3271686,15,13,16,12,14,12,15,18,18,1,40,40,2494.04496
3E,Alternative2,Pond1,0,13,13,11,11,6,6,12,12,12,12,11,11,13,13,10,10,13,13,13,13,14,14,10,10,7.729478182,12.48167588,1018.8,10.38333333,14.55,11,6.784459947,4.280669122,207.85,117.3271686,6,8,13,8,13,8,13,8,11,0.821,106.91,40,2494.04496
3E,Alternative2,Pond1,2,14,14,15,15,9,9,12,12,13,13,12,12,15,15,11,11,13,13,13,13,14,14,12,12,7.729478182,12.48167588,1018.8,10.38333333,14.55,18,6.784459947,4.280669122,207.85,117.3271686,15,13,16,12,14,12,15,18,18,1,106.91,40,2494.04496
3E,Alternative2,Pond1,10,14,14,15,15,10,10,12,12,13,13,12,12,15,15,11,11,13,13,13,13,14,14,12,12,7.729478182,12.48167588,1018.8,10.38333333,14.55,18,6.784459947,4.280669122,207.85,117.3271686,15,13,16,12,14,12,15,18,18,1,106.91,40,2494.04496
3E,Alternative2,Pond1,50,14,14,15,15,11,11,12,12,13,13,12,12,15,15,11,11,14,14,13,13,14,14,12,12,7.729478182,12.48167588,1018.8,10.38333333,14.55,18,6.784459947,4.280669122,207.85,117.3271686,15,13,16,12,14,12,15,18,18,1,106.91,40,2494.04496
3E,Alternative3,Pond1,0,13,13,11,11,6,6,12,12,12,12,11,11,13,13,10,10,13,13,13,13,14,14,10,10,7.729478182,12.48167588,1018.8,10.38333333,14.55,11,6.784459947,4.280669122,207.85,117.3271686,6,8,13,8,13,8,13,8,11,0.821,106.91,40,2494.04496
3E,Alternative3,Pond1,2,13,13,12,12,11,11,13,13,13,13,12,12,13,13,11,11,13,13,13,13,14,14,11,11,7.729478182,12.48167588,1018.8,10.38333333,14.55,18,6.784459947,4.280669122,207.85,117.3271686,12,11,15,9,13,9,13,11,11,0.821,106.91,40,2494.04496
3E,Alternative3,Pond1,10,13,13,12,12,12,12,14,14,13,13,12,12,13,13,11,11,13,13,13,13,14,14,12,12,7.729478182,12.48167588,1018.8,10.38333333,14.55,18,6.784459947,4.280669122,207.85,117.3271686,12,11,15,9,13,9,13,11,11,0.821,106.91,40,2494.04496
3E,Alternative3,Pond1,50,13,13,12,12,12,12,14,14,13,13,12,12,13,13,11,11,13,13,13,13,14,14,12,12,7.729478182,12.48167588,1018.8,10.38333333,14.55,18,6.784459947,4.280669122,207.85,117.3271686,12,11,15,9,13,9,13,11,11,0.821,106.91,40,2494.04496
3E,FWOP,Pond2,0,13,13,11,11,6,6,12,12,12,12,11,11,13,13,10,10,13,13,13,13,14,14,10,10,7.729478182,12.48167588,1018.8,10.38333333,14.55,11,6.784459947,4.280669122,207.85,117.3271686,6,8,13,8,13,8,13,8,11,0.821,106.91,40,2494.04496
3E,FWOP,Pond2,2,13,13,11,11,6,6,12,12,12,12,11,11,13,13,10,10,13,13,13,13,14,14,10,10,7.729478182,12.48167588,1018.8,10.38333333,14.55,11,6.784459947,4.280669122,207.85,117.3271686,6,8,13,8,13,8,13,8,11,0.821,106.91,40,2494.04496
3E,FWOP,Pond2,10,13,13,11,11,6,6,12,12,12,12,11,11,13,13,10,10,13,13,13,13,14,14,10,10,7.729478182,12.48167588,1018.8,10.38333333,14.55,11,6.784459947,4.280669122,207.85,117.3271686,6,8,13,8,13,8,13,8,11,0.821,106.91,40,2494.04496
3E,FWOP,Pond2,50,13,13,11,11,6,6,12,12,12,12,11,11,13,13,10,10,13,13,13,13,14,14,10,10,7.729478182,12.48167588,1018.8,10.38333333,14.55,11,6.784459947,4.280669122,207.85,117.3271686,6,8,13,8,13,8,13,8,11,0.821,106.91,40,2494.04496
3E,Alternative1,Pond2,0,13,13,11,11,6,6,12,12,12,12,11,11,13,13,10,10,13,13,13,13,14,14,10,10,7.729478182,12.48167588,1018.8,10.38333333,14.55,11,6.784459947,4.280669122,207.85,117.3271686,6,8,13,8,13,8,13,8,11,0.821,106.91,40,2494.04496
3E,Alternative1,Pond2,2,14,14,15,15,11,11,13,13,13,13,12,12,15,15,13,13,14,14,13,13,14,14,12,12,7.729478182,12.48167588,1018.8,10.38333333,14.55,18,4.280669122,4.280669122,117.3271686,117.3271686,15,13,16,12,14,12,15,18,18,1,40,40,2494.04496
3E,Alternative1,Pond2,10,14,14,15,15,12,12,14,14,13,13,12,12,15,15,13,13,14,14,13,13,14,14,12,12,7.729478182,12.48167588,1018.8,10.38333333,14.55,18,4.280669122,4.280669122,117.3271686,117.3271686,15,13,16,12,14,12,15,18,18,1,40,40,2494.04496
3E,Alternative1,Pond2,50,14,14,15,15,12,12,14,14,13,13,12,12,15,15,13,13,14,14,13,13,14,14,12,12,7.729478182,12.48167588,1018.8,10.38333333,14.55,18,4.280669122,4.280669122,117.3271686,117.3271686,15,13,16,12,14,12,15,18,18,1,40,40,2494.04496
3E,Alternative2,Pond2,0,13,13,11,11,6,6,12,12,12,12,11,11,13,13,10,10,13,13,13,13,14,14,10,10,7.729478182,12.48167588,1018.8,10.38333333,14.55,11,6.784459947,4.280669122,207.85,117.3271686,6,8,13,8,13,8,13,8,11,0.821,106.91,40,2494.04496
3E,Alternative2,Pond2,2,14,14,15,15,9,9,12,12,13,13,12,12,15,15,11,11,13,13,13,13,14,14,12,12,7.729478182,12.48167588,1018.8,10.38333333,14.55,18,6.784459947,4.280669122,207.85,117.3271686,15,13,16,12,14,12,15,18,18,1,106.91,40,2494.04496
3E,Alternative2,Pond2,10,14,14,15,15,10,10,12,12,13,13,12,12,15,15,11,11,13,13,13,13,14,14,12,12,7.729478182,12.48167588,1018.8,10.38333333,14.55,18,6.784459947,4.280669122,207.85,117.3271686,15,13,16,12,14,12,15,18,18,1,106.91,40,2494.04496
3E,Alternative2,Pond2,50,14,14,15,15,11,11,12,12,13,13,12,12,15,15,11,11,14,14,13,13,14,14,12,12,7.729478182,12.48167588,1018.8,10.38333333,14.55,18,6.784459947,4.280669122,207.85,117.3271686,15,13,16,12,14,12,15,18,18,1,106.91,40,2494.04496
3E,Alternative3,Pond2,0,13,13,11,11,6,6,12,12,12,12,11,11,13,13,10,10,13,13,13,13,14,14,10,10,7.729478182,12.48167588,1018.8,10.38333333,14.55,11,6.784459947,4.280669122,207.85,117.3271686,6,8,13,8,13,8,13,8,11,0.821,106.91,40,2494.04496
3E,Alternative3,Pond2,2,13,13,12,12,11,11,13,13,13,13,12,12,13,13,11,11,13,13,13,13,14,14,11,11,7.729478182,12.48167588,1018.8,10.38333333,14.55,18,6.784459947,4.280669122,207.85,117.3271686,12,11,15,9,13,9,13,11,11,0.821,106.91,40,2494.04496
3E,Alternative3,Pond2,10,13,13,12,12,12,12,14,14,13,13,12,12,13,13,11,11,13,13,13,13,14,14,12,12,7.729478182,12.48167588,1018.8,10.38333333,14.55,18,6.784459947,4.280669122,207.85,117.3271686,12,11,15,9,13,9,13,11,11,0.821,106.91,40,2494.04496
3E,Alternative3,Pond2,50,13,13,12,12,12,12,14,14,13,13,12,12,13,13,11,11,13,13,13,13,14,14,12,12,7.729478182,12.48167588,1018.8,10.38333333,14.55,18,6.784459947,4.280669122,207.85,117.3271686,12,11,15,9,13,9,13,11,11,0.821,106.91,40,2494.04496
3F,FWOP,None,0,13,13,11,11,6,6,12,12,12,12,11,11,13,13,10,10,13,13,13,13,14,14,10,10,18.10577455,25.95161018,877.2,10.5,14.7,3,5.350802219,4.432624697,133.38,109.7959744,12,10,11,7,17,10,9,12,18,1,97.59,40,4381.59744
3F,FWOP,None,2,13,13,11,11,6,6,12,12,12,12,11,11,13,13,10,10,13,13,13,13,14,14,10,10,18.10577455,25.95161018,877.2,10.5,14.7,3,5.350802219,4.432624697,133.38,109.7959744,12,10,11,7,17,10,9,12,18,1,97.59,40,4381.59744
3F,FWOP,None,10,13,13,11,11,6,6,12,12,12,12,11,11,13,13,10,10,13,13,13,13,14,14,10,10,18.10577455,25.95161018,877.2,10.5,14.7,3,5.350802219,4.432624697,133.38,109.7959744,11,9,10,7,17,9,9,12,18,1,97.59,40,4381.59744
3F,FWOP,None,50,13,13,11,11,6,6,12,12,12,12,11,11,13,13,10,10,13,13,13,13,14,14,10,10,18.10577455,25.95161018,877.2,10.5,14.7,3,5.350802219,4.432624697,133.38,109.7959744,11,9,10,7,17,9,9,12,18,1,97.59,40,4381.59744
3F,Alternative1,None,0,13,13,11,11,6,6,12,12,12,12,11,11,13,13,10,10,13,13,13,13,14,14,10,10,18.10577455,25.95161018,877.2,10.5,14.7,3,5.350802219,4.432624697,133.38,109.7959744,12,10,11,7,17,10,9,12,18,1,97.59,40,4381.59744
3F,Alternative1,None,2,14,14,13,13,12,13,13,13,12,12,11,11,13,13,11,11,12,12,13,13,13,13,13,13,18.10577455,25.95161018,877.2,10.5,14.7,3,5.350802219,4.432624697,133.38,109.7959744,16,15,14,16,19,16,15,15,20,1,97.59,40,4381.59744
3F,Alternative1,None,10,14,14,13,13,13,13,14,14,12,12,11,11,14,14,11,11,13,13,14,14,14,14,14,14,18.10577455,25.95161018,877.2,10.5,14.7,3,5.350802219,4.432624697,133.38,109.7959744,16,15,14,16,19,17,15,15,20,1,97.59,40,4381.59744
3F,Alternative1,None,50,14,14,13,13,14,14,14,14,12,12,11,11,14,14,12,12,13,13,14,14,14,14,14,14,18.10577455,25.95161018,877.2,10.5,14.7,3,5.350802219,4.432624697,133.38,109.7959744,16,15,14,16,19,17,15,15,20,1,97.59,40,4381.59744
3F,Alternative2,None,0,13,13,11,11,6,6,12,12,12,12,11,11,13,13,10,10,13,13,13,13,14,14,10,10,18.10577455,25.95161018,877.2,10.5,14.7,3,5.350802219,4.432624697,133.38,109.7959744,12,10,11,7,17,10,9,12,18,1,97.59,40,4381.59744
3F,Alternative2,None,2,13,13,12,12,11,11,12,12,12,12,11,11,13,13,10,10,12,12,12,12,14,14,12,12,18.10577455,25.95161018,877.2,10.5,14.7,3,5.350802219,4.432624697,133.38,109.7959744,13,11,13,14,18,14,13,13,19,1,97.59,40,4381.59744
3F,Alternative2,None,10,13,13,12,12,12,12,13,13,12,12,11,11,14,14,11,11,13,13,13,13,14,14,13,13,18.10577455,25.95161018,877.2,10.5,14.7,3,5.350802219,4.432624697,133.38,109.7959744,14,12,13,14,18,15,13,13,19,1,97.59,40,4381.59744
3F,Alternative2,None,50,13,13,12,12,12,12,13,13,12,12,11,11,14,14,12,12,13,13,13,13,14,14,13,13,18.10577455,25.95161018,877.2,10.5,14.7,3,5.350802219,4.432624697,133.38,109.7959744,14,12,13,14,18,15,13,13,19,1,97.59,40,4381.59744
3F,Alternative3,None,0,13,13,11,11,6,6,12,12,12,12,11,11,13,13,10,10,13,13,13,13,14,14,10,10,18.10577455,25.95161018,877.2,10.5,14.7,3,5.350802219,4.432624697,133.38,109.7959744,12,10,11,7,17,10,9,12,18,1,97.59,40,4381.59744
3F,Alternative3,None,2,14,14,15,15,8,8,13,13,14,14,12,12,13,13,10,10,12,12,12,12,14,14,12,12,18.10577455,25.95161018,877.2,10.5,14.7,3,5.350802219,4.432624697,133.38,109.7959744,12,10,12,12,17,13,13,11,18,1,97.59,40,4381.59744
3F,Alternative3,None,10,14,14,15,15,9,9,14,14,14,14,12,12,13,13,11,11,12,12,12,12,14,14,12,12,18.10577455,25.95161018,877.2,10.5,14.7,3,5.350802219,4.432624697,133.38,109.7959744,13,11,13,12,17,13,13,11,18,1,97.59,40,4381.59744
3F,Alternative3,None,50,14,14,15,15,10,10,14,14,14,14,12,12,13,13,11,11,12,12,12,12,14,14,12,12,18.10577455,25.95161018,877.2,10.5,14.7,3,5.350802219,4.432624697,133.38,109.7959744,14,12,13,12,17,13,13,11,18,1,97.59,40,4381.59744
3F,FWOP,Pond1,0,13,13,11,11,6,6,12,12,12,12,11,11,13,13,10,10,13,13,13,13,14,14,10,10,18.10577455,25.95161018,877.2,10.5,14.7,3,5.350802219,4.432624697,133.38,109.7959744,12,10,11,7,17,10,9,12,18,1,97.59,40,4381.59744
3F,FWOP,Pond1,2,13,13,11,11,6,6,12,12,12,12,11,11,13,13,10,10,13,13,13,13,14,14,10,10,18.10577455,25.95161018,877.2,10.5,14.7,3,5.350802219,4.432624697,133.38,109.7959744,12,10,11,7,17,10,9,12,18,1,97.59,40,4381.59744
3F,FWOP,Pond1,10,13,13,11,11,6,6,12,12,12,12,11,11,13,13,10,10,13,13,13,13,14,14,10,10,18.10577455,25.95161018,877.2,10.5,14.7,3,5.350802219,4.432624697,133.38,109.7959744,11,9,10,7,17,9,9,12,18,1,97.59,40,4381.59744
3F,FWOP,Pond1,50,13,13,11,11,6,6,12,12,12,12,11,11,13,13,10,10,13,13,13,13,14,14,10,10,18.10577455,25.95161018,877.2,10.5,14.7,3,5.350802219,4.432624697,133.38,109.7959744,11,9,10,7,17,9,9,12,18,1,97.59,40,4381.59744
3F,Alternative1,Pond1,0,13,13,11,11,6,6,12,12,12,12,11,11,13,13,10,10,13,13,13,13,14,14,10,10,18.10577455,25.95161018,877.2,10.5,14.7,3,5.350802219,4.432624697,133.38,109.7959744,12,10,11,7,17,10,9,12,18,1,97.59,40,4381.59744
3F,Alternative1,Pond1,2,13,14,13,13,12,13,13,13,12,12,11,11,13,13,11,11,12,12,13,13,13,13,13,13,18.10577455,25.95161018,877.2,10.5,14.7,3,5.350802219,4.432624697,133.38,109.7959744,16,15,14,16,19,16,15,15,20,1,97.59,40,4381.59744
3F,Alternative1,Pond1,10,13,14,13,13,13,13,14,14,12,12,11,11,14,14,11,11,13,13,14,14,14,14,14,14,18.10577455,25.95161018,877.2,10.5,14.7,3,5.350802219,4.432624697,133.38,109.7959744,16,15,14,16,19,17,15,15,20,1,97.59,40,4381.59744
3F,Alternative1,Pond1,50,13,14,13,13,14,14,14,14,12,12,11,11,14,14,12,12,13,13,14,14,14,14,14,14,18.10577455,25.95161018,877.2,10.5,14.7,3,5.350802219,4.432624697,133.38,109.7959744,16,15,14,16,19,17,15,15,20,1,97.59,40,4381.59744
3F,Alternative2,Pond1,0,13,13,11,11,6,6,12,12,12,12,11,11,13,13,10,10,13,13,13,13,14,14,10,10,18.10577455,25.95161018,877.2,10.5,14.7,3,5.350802219,4.432624697,133.38,109.7959744,12,10,11,7,17,10,9,12,18,1,97.59,40,4381.59744
3F,Alternative2,Pond1,2,13,13,12,12,11,11,12,12,12,12,11,11,13,13,10,10,12,12,12,12,14,14,12,12,18.10577455,25.95161018,877.2,10.5,14.7,3,5.350802219,4.432624697,133.38,109.7959744,13,11,13,14,18,14,13,13,19,1,97.59,40,4381.59744
3F,Alternative2,Pond1,10,13,13,12,12,12,12,13,13,12,12,11,11,14,14,11,11,13,13,13,13,14,14,13,13,18.10577455,25.95161018,877.2,10.5,14.7,3,5.350802219,4.432624697,133.38,109.7959744,14,12,13,14,18,15,13,13,19,1,97.59,40,4381.59744
3F,Alternative2,Pond1,50,13,13,12,12,12,12,13,13,12,12,11,11,14,14,12,12,13,13,13,13,14,14,13,13,18.10577455,25.95161018,877.2,10.5,14.7,3,5.350802219,4.432624697,133.38,109.7959744,14,12,13,14,18,15,13,13,19,1,97.59,40,4381.59744
3F,Alternative3,Pond1,0,13,13,11,11,6,6,12,12,12,12,11,11,13,13,10,10,13,13,13,13,14,14,10,10,18.10577455,25.95161018,877.2,10.5,14.7,3,5.350802219,4.432624697,133.38,109.7959744,12,10,11,7,17,10,9,12,18,1,97.59,40,4381.59744
3F,Alternative3,Pond1,2,13,14,15,15,8,8,13,13,14,14,12,12,13,13,10,10,12,12,12,12,14,14,12,12,18.10577455,25.95161018,877.2,10.5,14.7,3,5.350802219,4.432624697,133.38,109.7959744,12,10,12,12,17,13,13,11,18,1,97.59,40,4381.59744
3F,Alternative3,Pond1,10,13,14,15,15,9,9,14,14,14,14,12,12,13,13,11,11,12,12,12,12,14,14,12,12,18.10577455,25.95161018,877.2,10.5,14.7,3,5.350802219,4.432624697,133.38,109.7959744,13,11,13,12,17,13,13,11,18,1,97.59,40,4381.59744
3F,Alternative3,Pond1,50,13,14,15,15,10,10,14,14,14,14,12,12,13,13,11,11,12,12,12,12,14,14,12,12,18.10577455,25.95161018,877.2,10.5,14.7,3,5.350802219,4.432624697,133.38,109.7959744,14,12,13,12,17,13,13,11,18,1,97.59,40,4381.59744
3F,FWOP,Pond2,0,13,13,11,11,6,6,12,12,12,12,11,11,13,13,10,10,13,13,13,13,14,14,10,10,18.10577455,25.95161018,877.2,10.5,14.7,3,5.350802219,4.432624697,133.38,109.7959744,12,10,11,7,17,10,9,12,18,1,97.59,40,4381.59744
3F,FWOP,Pond2,2,13,13,11,11,6,6,12,12,12,12,11,11,13,13,10,10,13,13,13,13,14,14,10,10,18.10577455,25.95161018,877.2,10.5,14.7,3,5.350802219,4.432624697,133.38,109.7959744,12,10,11,7,17,10,9,12,18,1,97.59,40,4381.59744
3F,FWOP,Pond2,10,13,13,11,11,6,6,12,12,12,12,11,11,13,13,10,10,13,13,13,13,14,14,10,10,18.10577455,25.95161018,877.2,10.5,14.7,3,5.350802219,4.432624697,133.38,109.7959744,11,9,10,7,17,9,9,12,18,1,97.59,40,4381.59744
3F,FWOP,Pond2,50,13,13,11,11,6,6,12,12,12,12,11,11,13,13,10,10,13,13,13,13,14,14,10,10,18.10577455,25.95161018,877.2,10.5,14.7,3,5.350802219,4.432624697,133.38,109.7959744,11,9,10,7,17,9,9,12,18,1,97.59,40,4381.59744
3F,Alternative1,Pond2,0,13,13,11,11,6,6,12,12,12,12,11,11,13,13,10,10,13,13,13,13,14,14,10,10,18.10577455,25.95161018,877.2,10.5,14.7,3,5.350802219,4.432624697,133.38,109.7959744,12,10,11,7,17,10,9,12,18,1,97.59,40,4381.59744
3F,Alternative1,Pond2,2,13,14,13,13,12,13,13,13,12,12,11,11,13,13,11,11,12,12,13,13,13,13,13,13,18.10577455,25.95161018,877.2,10.5,14.7,3,5.350802219,4.432624697,133.38,109.7959744,16,15,14,16,19,16,15,15,20,1,97.59,40,4381.59744
3F,Alternative1,Pond2,10,13,14,13,13,13,13,14,14,12,12,11,11,14,14,11,11,13,13,14,14,14,14,14,14,18.10577455,25.95161018,877.2,10.5,14.7,3,5.350802219,4.432624697,133.38,109.7959744,16,15,14,16,19,17,15,15,20,1,97.59,40,4381.59744
3F,Alternative1,Pond2,50,13,14,13,13,14,14,14,14,12,12,11,11,14,14,12,12,13,13,14,14,14,14,14,14,18.10577455,25.95161018,877.2,10.5,14.7,3,5.350802219,4.432624697,133.38,109.7959744,16,15,14,16,19,17,15,15,20,1,97.59,40,4381.59744
3F,Alternative2,Pond2,0,13,13,11,11,6,6,12,12,12,12,11,11,13,13,10,10,13,13,13,13,14,14,10,10,18.10577455,25.95161018,877.2,10.5,14.7,3,5.350802219,4.432624697,133.38,109.7959744,12,10,11,7,17,10,9,12,18,1,97.59,40,4381.59744
3F,Alternative2,Pond2,2,13,13,12,12,11,11,12,12,12,12,11,11,13,13,10,10,12,12,12,12,14,14,12,12,18.10577455,25.95161018,877.2,10.5,14.7,3,5.350802219,4.432624697,133.38,109.7959744,13,11,13,14,18,14,13,13,19,1,97.59,40,4381.59744
3F,Alternative2,Pond2,10,13,13,12,12,12,12,13,13,12,12,11,11,14,14,11,11,13,13,13,13,14,14,13,13,18.10577455,25.95161018,877.2,10.5,14.7,3,5.350802219,4.432624697,133.38,109.7959744,14,12,13,14,18,15,13,13,19,1,97.59,40,4381.59744
3F,Alternative2,Pond2,50,13,13,12,12,12,12,13,13,12,12,11,11,14,14,12,12,13,13,13,13,14,14,13,13,18.10577455,25.95161018,877.2,10.5,14.7,3,5.350802219,4.432624697,133.38,109.7959744,14,12,13,14,18,15,13,13,19,1,97.59,40,4381.59744
3F,Alternative3,Pond2,0,13,13,11,11,6,6,12,12,12,12,11,11,13,13,10,10,13,13,13,13,14,14,10,10,18.10577455,25.95161018,877.2,10.5,14.7,3,5.350802219,4.432624697,133.38,109.7959744,12,10,11,7,17,10,9,12,18,1,97.59,40,4381.59744
3F,Alternative3,Pond2,2,13,14,15,15,8,8,13,13,14,14,12,12,13,13,10,10,12,12,12,12,14,14,12,12,18.10577455,25.95161018,877.2,10.5,14.7,3,5.350802219,4.432624697,133.38,109.7959744,12,10,12,12,17,13,13,11,18,1,97.59,40,4381.59744
3F,Alternative3,Pond2,10,13,14,15,15,9,9,14,14,14,14,12,12,13,13,11,11,12,12,12,12,14,14,12,12,18.10577455,25.95161018,877.2,10.5,14.7,3,5.350802219,4.432624697,133.38,109.7959744,13,11,13,12,17,13,13,11,18,1,97.59,40,4381.59744
3F,Alternative3,Pond2,50,13,14,15,15,10,10,14,14,14,14,12,12,13,13,11,11,12,12,12,12,14,14,12,12,18.10577455,25.95161018,877.2,10.5,14.7,3,5.350802219,4.432624697,133.38,109.7959744,14,12,13,12,17,13,13,11,18,1,97.59,40,4381.59744
19A,FWOP,None,0,11,11,12,12,10,10,7,7,13,13,7,7,10,10,10,10,13,13,10,10,12,12,11,11,7.962850909,23.08072727,1018.8,10.38333333,14.55,3,2.947540984,3.918628958,33.55,41.98960574,15,14,14,19,19,12,15,3,3,0.3621,48.82,40,5026.9824
19A,FWOP,None,2,11,11,12,12,10,10,7,7,13,13,7,7,10,10,10,10,13,13,10,10,12,12,11,11,7.962850909,23.08072727,1018.8,10.38333333,14.55,3,2.947540984,3.918628958,33.55,41.98960574,15,14,14,19,19,12,15,3,3,0.3621,48.82,40,5026.9824
19A,FWOP,None,10,11,11,12,12,10,10,7,7,13,13,7,7,10,10,10,10,13,13,10,10,12,12,11,11,7.962850909,23.08072727,1018.8,10.38333333,14.55,3,2.947540984,3.918628958,33.55,41.98960574,15,14,14,19,19,12,15,3,3,0.3621,48.82,40,5026.9824
19A,FWOP,None,50,11,11,12,12,10,10,7,7,13,13,7,7,10,10,10,10,13,13,10,10,12,12,11,11,7.962850909,23.08072727,1018.8,10.38333333,14.55,3,2.947540984,3.918628958,33.55,41.98960574,15,14,14,19,19,12,15,3,3,0.3621,48.82,40,5026.9824
19A,Alternative2,None,0,11,11,12,12,10,10,7,7,13,13,7,7,10,10,10,10,13,13,10,10,12,12,11,11,7.962850909,23.08072727,1018.8,10.38333333,14.55,3,2.947540984,3.918628958,33.55,41.98960574,15,14,14,19,19,12,15,3,3,0.3621,48.82,40,5026.9824
19A,Alternative2,None,2,11,12,14,14,13,13,12,12,14,14,11,11,11,11,12,12,13,13,11,11,13,13,14,14,13.00746753,28.12534389,1018.8,10.38333333,14.55,18,2.947540984,3.918628958,33.55,41.98960574,18,17,18,19,19,14,16,11,10,1,106.91,40,5026.9824
19A,Alternative2,None,10,11,12,14,14,14,14,13,13,14,14,12,12,11,11,13,13,13,13,12,12,13,13,14,14,13.00746753,28.12534389,1018.8,10.38333333,14.55,18,2.947540984,3.918628958,33.55,41.98960574,18,17,18,19,19,14,16,11,10,1,106.91,40,5026.9824
19A,Alternative2,None,50,11,12,14,14,14,14,13,13,14,14,13,13,11,11,13,13,13,13,12,12,13,13,14,14,13.00746753,28.12534389,1018.8,10.38333333,14.55,18,2.947540984,3.918628958,33.55,41.98960574,18,17,18,19,19,14,16,11,10,1,106.91,40,5026.9824
19A,Alternative3,None,0,11,11,12,12,10,10,7,7,13,13,7,7,10,10,10,10,13,13,10,10,12,12,11,11,7.962850909,23.08072727,1018.8,10.38333333,14.55,3,2.947540984,3.918628958,33.55,41.98960574,15,14,14,19,19,12,15,3,3,0.3621,48.82,40,5026.9824
19A,Alternative3,None,2,11,11,12,12,11,11,9,9,13,13,8,8,10,10,11,10,13,13,10,10,12,12,11,12,7.962850909,23.08072727,1018.8,10.38333333,14.55,18,2.947540984,3.918628958,33.55,41.98960574,15,15,15,19,19,12,15,10,10,0.3621,106.91,40,5026.9824
19A,Alternative3,None,10,11,11,12,12,12,12,10,10,13,13,8,8,10,10,11,10,13,13,10,10,12,12,12,13,7.962850909,23.08072727,1018.8,10.38333333,14.55,18,2.947540984,3.918628958,33.55,41.98960574,15,15,15,19,19,12,15,10,10,0.3621,106.91,40,5026.9824
19A,Alternative3,None,50,11,11,12,12,12,12,10,10,13,13,8,8,10,10,11,10,13,13,10,10,12,12,12,13,7.962850909,23.08072727,1018.8,10.38333333,14.55,18,2.947540984,3.918628958,33.55,41.98960574,15,15,15,19,19,12,15,10,10,0.3621,106.91,40,5026.9824
19A,FWOP,Pond1,0,11,11,12,12,10,10,7,7,13,13,7,7,10,10,10,10,13,13,10,10,12,12,11,11,7.962850909,23.08072727,1018.8,10.38333333,14.55,3,2.947540984,3.918628958,33.55,41.98960574,15,14,14,19,19,12,15,3,3,0.3621,48.82,40,5026.9824
19A,FWOP,Pond1,2,11,11,12,12,10,10,7,7,13,13,7,7,10,10,10,10,13,13,10,10,12,12,11,11,7.962850909,23.08072727,1018.8,10.38333333,14.55,3,2.947540984,3.918628958,33.55,41.98960574,15,14,14,19,19,12,15,3,3,0.3621,48.82,40,5026.9824
19A,FWOP,Pond1,10,11,11,12,12,10,10,7,7,13,13,7,7,10,10,10,10,13,13,10,10,12,12,11,11,7.962850909,23.08072727,1018.8,10.38333333,14.55,3,2.947540984,3.918628958,33.55,41.98960574,15,14,14,19,19,12,15,3,3,0.3621,48.82,40,5026.9824
19A,FWOP,Pond1,50,11,11,12,12,10,10,7,7,13,13,7,7,10,10,10,10,13,13,10,10,12,12,11,11,7.962850909,23.08072727,1018.8,10.38333333,14.55,3,2.947540984,3.918628958,33.55,41.98960574,15,14,14,19,19,12,15,3,3,0.3621,48.82,40,5026.9824
19A,Alternative2,Pond1,0,11,11,12,12,10,10,7,7,13,13,7,7,10,10,10,10,13,13,10,10,12,12,11,11,7.962850909,23.08072727,1018.8,10.38333333,14.55,3,2.947540984,3.918628958,33.55,41.98960574,15,14,14,19,19,12,15,3,3,0.3621,48.82,40,5026.9824
19A,Alternative2,Pond1,2,11,12,14,14,13,13,12,12,14,14,11,11,11,11,12,12,13,13,11,11,13,13,14,14,13.00746753,28.12534389,1018.8,10.38333333,14.55,18,2.947540984,3.918628958,33.55,41.98960574,18,17,18,19,19,14,16,11,10,1,106.91,40,5026.9824
19A,Alternative2,Pond1,10,11,12,14,14,14,14,13,13,14,14,12,12,11,11,13,13,13,13,12,12,13,13,14,14,13.00746753,28.12534389,1018.8,10.38333333,14.55,18,2.947540984,3.918628958,33.55,41.98960574,18,17,18,19,19,14,16,11,10,1,106.91,40,5026.9824
19A,Alternative2,Pond1,50,11,12,14,14,14,14,13,13,14,14,13,13,11,11,13,13,13,13,12,12,13,13,14,14,13.00746753,28.12534389,1018.8,10.38333333,14.55,18,2.947540984,3.918628958,33.55,41.98960574,18,17,18,19,19,14,16,11,10,1,106.91,40,5026.9824
19A,Alternative3,Pond1,0,11,11,12,12,10,10,7,7,13,13,7,7,10,10,10,10,13,13,10,10,12,12,11,11,7.962850909,23.08072727,1018.8,10.38333333,14.55,3,2.947540984,3.918628958,33.55,41.98960574,15,14,14,19,19,12,15,3,3,0.3621,48.82,40,5026.9824
19A,Alternative3,Pond1,2,11,11,12,12,11,11,9,9,13,13,8,8,10,10,11,10,13,13,10,10,12,12,11,12,7.962850909,23.08072727,1018.8,10.38333333,14.55,18,2.947540984,3.918628958,33.55,41.98960574,15,15,15,19,19,12,15,10,10,0.3621,106.91,40,5026.9824
19A,Alternative3,Pond1,10,11,11,12,12,12,12,10,10,13,13,8,8,10,10,11,10,13,13,10,10,12,12,12,13,7.962850909,23.08072727,1018.8,10.38333333,14.55,18,2.947540984,3.918628958,33.55,41.98960574,15,15,15,19,19,12,15,10,10,0.3621,106.91,40,5026.9824
19A,Alternative3,Pond1,50,11,11,12,12,12,12,10,10,13,13,8,8,10,10,11,10,13,13,10,10,12,12,12,13,7.962850909,23.08072727,1018.8,10.38333333,14.55,18,2.947540984,3.918628958,33.55,41.98960574,15,15,15,19,19,12,15,10,10,0.3621,106.91,40,5026.9824
19A,FWOP,Pond2,0,11,11,12,12,10,10,7,7,13,13,7,7,10,10,10,10,13,13,10,10,12,12,11,11,7.962850909,23.08072727,1018.8,10.38333333,14.55,3,2.947540984,3.918628958,33.55,41.98960574,15,14,14,19,19,12,15,3,3,0.3621,48.82,40,5026.9824
19A,FWOP,Pond2,2,11,11,12,12,10,10,7,7,13,13,7,7,10,10,10,10,13,13,10,10,12,12,11,11,7.962850909,23.08072727,1018.8,10.38333333,14.55,3,2.947540984,3.918628958,33.55,41.98960574,15,14,14,19,19,12,15,3,3,0.3621,48.82,40,5026.9824
19A,FWOP,Pond2,10,11,11,12,12,10,10,7,7,13,13,7,7,10,10,10,10,13,13,10,10,12,12,11,11,7.962850909,23.08072727,1018.8,10.38333333,14.55,3,2.947540984,3.918628958,33.55,41.98960574,15,14,14,19,19,12,15,3,3,0.3621,48.82,40,5026.9824
19A,FWOP,Pond2,50,11,11,12,12,10,10,7,7,13,13,7,7,10,10,10,10,13,13,10,10,12,12,11,11,7.962850909,23.08072727,1018.8,10.38333333,14.55,3,2.947540984,3.918628958,33.55,41.98960574,15,14,14,19,19,12,15,3,3,0.3621,48.82,40,5026.9824
19A,Alternative2,Pond2,0,11,11,12,12,10,10,7,7,13,13,7,7,10,10,10,10,13,13,10,10,12,12,11,11,7.962850909,23.08072727,1018.8,10.38333333,14.55,3,2.947540984,3.918628958,33.55,41.98960574,15,14,14,19,19,12,15,3,3,0.3621,48.82,40,5026.9824
19A,Alternative2,Pond2,2,11,12,14,14,13,13,12,12,14,14,11,11,11,11,12,12,13,13,11,11,13,13,14,14,13.00746753,28.12534389,1018.8,10.38333333,14.55,18,2.947540984,3.918628958,33.55,41.98960574,18,17,18,19,19,14,16,11,10,1,106.91,40,5026.9824
19A,Alternative2,Pond2,10,11,12,14,14,14,14,13,13,14,14,12,12,11,11,13,13,13,13,12,12,13,13,14,14,13.00746753,28.12534389,1018.8,10.38333333,14.55,18,2.947540984,3.918628958,33.55,41.98960574,18,17,18,19,19,14,16,11,10,1,106.91,40,5026.9824
19A,Alternative2,Pond2,50,11,12,14,14,14,14,13,13,14,14,13,13,11,11,13,13,13,13,12,12,13,13,14,14,13.00746753,28.12534389,1018.8,10.38333333,14.55,18,2.947540984,3.918628958,33.55,41.98960574,18,17,18,19,19,14,16,11,10,1,106.91,40,5026.9824
19A,Alternative3,Pond2,0,11,11,12,12,10,10,7,7,13,13,7,7,10,10,10,10,13,13,10,10,12,12,11,11,7.962850909,23.08072727,1018.8,10.38333333,14.55,3,2.947540984,3.918628958,33.55,41.98960574,15,14,14,19,19,12,15,3,3,0.3621,48.82,40,5026.9824
19A,Alternative3,Pond2,2,11,11,12,12,11,11,9,9,13,13,8,8,10,10,11,10,13,13,10,10,12,12,11,12,7.962850909,23.08072727,1018.8,10.38333333,14.55,18,2.947540984,3.918628958,33.55,41.98960574,15,15,15,19,19,12,15,10,10,0.3621,106.91,40,5026.9824
19A,Alternative3,Pond2,10,11,11,12,12,12,12,10,10,13,13,8,8,10,10,11,10,13,13,10,10,12,12,12,13,7.962850909,23.08072727,1018.8,10.38333333,14.55,18,2.947540984,3.918628958,33.55,41.98960574,15,15,15,19,19,12,15,10,10,0.3621,106.91,40,5026.9824
19A,Alternative3,Pond2,50,11,11,12,12,12,12,10,10,13,13,8,8,10,10,11,10,13,13,10,10,12,12,12,13,7.962850909,23.08072727,1018.8,10.38333333,14.55,18,2.947540984,3.918628958,33.55,41.98960574,15,15,15,19,19,12,15,10,10,0.3621,106.91,40,5026.9824
